x_albumin_before_hydrolysis_LDA,y_albumin_before_hydrolysis_LDA,x_albumin_after_hydrolysis_LDA,y_albumin_after_hydrolysis_LDA,x_fibrinogen_before_hydrolysis_LDA,y_fibrinogen_before_hydrolysis_LDA,x_fibrinogen_after_hydrolysis_LDA,y_fibrinogen_after_hydrolysis_LDA,x_fibrinogen&albumin_before_hydrolysis_LDA,y_fibrinogen&albumin_before_hydrolysis_LDA,x_fibrinogen&albumin_after_hydrolysis_LDA,y_fibrinogen&albumin_after_hydrolysis_LDA
2.0,0.3720241746557536,2.0,1.0,2.0,0.18261566803465887,2.0,0.2529787958400587,2,0.2102583739344468,2.0,0.3237658643725469
3.0,0.9893673577884105,3.0,1.0,3.0,0.29950241386617443,3.0,0.6301727103049276,3,0.27459972545682165,3.0,0.46922259182431075
4.0,0.9840510366826156,4.0,1.0,4.0,0.32929881122178717,4.0,0.7452006676249411,4,0.31997037218849,4.0,0.7138413432880293
5.0,0.9840510366826156,5.0,0.9820004556846662,5.0,0.4632033932724253,5.0,0.8224245646758186,5,0.3600504892914073,5.0,0.7600482199517197
6.0,0.9411881977671451,6.0,0.9880003037897774,6.0,0.5126916487189004,6.0,0.8295235942807861,6,0.35806712769132604,6.0,0.8458948188358025
7.0,0.94650451887294,7.0,0.9700007594744436,7.0,0.7031227012235759,7.0,0.8568160784099573,7,0.4030781037227153,7.0,0.8854424149199839
8.0,0.9787347155768208,8.0,0.9464570517202097,8.0,0.8151966189156531,8.0,0.8655966212657389,8,0.4284873626836609,8.0,0.8620988757130391
9.0,0.9415204678362573,9.0,0.9644565960355433,9.0,0.8460926058813023,9.0,0.8954243756837448,9,0.42945875554919527,9.0,0.8915712719769407
10.0,0.9624534821903243,10.0,0.9044581149844307,10.0,0.8780328917464278,10.0,0.8786277548221741,10,0.4723688595413807,10.0,0.9090198004368172
11.0,0.9461722488038278,11.0,0.9401534138376244,11.0,0.9323210948660139,11.0,0.9342852127290886,11,0.5290680651424181,11.0,0.9029620299256874
12.0,0.9522594364699628,12.0,0.88782562466773,12.0,0.9358195055932957,12.0,0.9586950095184416,12,0.5493278072276894,12.0,0.8926350307514903
13.0,0.9574694311536417,13.0,0.962659173185489,13.0,0.9416232185148118,13.0,0.9563494360579228,13,0.590609915494271,13.0,0.9108114550620902
14.0,0.9518208399787347,14.0,0.9583048530416951,14.0,0.9369823251967763,14.0,0.9541656213597733,14,0.7809750020974567,14.0,0.9193998207176411
15.0,0.9458399787347156,15.0,0.9347611452874611,15.0,0.9533532741003085,15.0,0.9609620295874347,15,0.8379568243480284,15.0,0.9189246299910857
16.0,0.9415204678362573,16.0,0.9576339839497734,16.0,0.9455036595214954,16.0,0.9849552666676865,16,0.8392810812865407,16.0,0.9283713421946
17.0,0.9461722488038278,17.0,0.9160907318802055,17.0,0.9517195138661656,17.0,0.9907834808558225,17,0.9085553132852296,17.0,0.9377729301481563
18.0,0.9095029239766083,18.0,0.9523050049365839,18.0,0.9534025400168687,18.0,0.9850151653467898,18,0.9385086289884178,18.0,0.9431258210144572
19.0,0.8995215311004785,19.0,0.9331156173261436,19.0,0.9468735080641123,19.0,0.9907834808558225,19,0.942981998615401,19.0,0.9478956146006365
20.0,0.9048378522062733,20.0,0.9524568998253209,20.0,0.960877922678492,20.0,0.99540239515314,20,0.9491455295234823,20.0,0.9343918687817145
21.0,0.8623072833599149,21.0,0.8896230475177843,21.0,0.9634813384110079,21.0,0.99540239515314,21,0.9430747971664468,21.0,0.9559830735995899
22.0,0.8991892610313663,22.0,0.9337864864180654,22.0,0.9658618870011717,22.0,0.998850598788285,22,0.9485083818008432,22.0,0.9501294179259817
23.0,0.8619750132908028,23.0,0.8623325991747044,23.0,0.9627202654433279,23.0,0.99770119757657,23,0.9451758601949476,23.0,0.9540153079182401
24.0,0.8716241360978203,24.0,0.8610541505278347,24.0,0.9727819995931091,24.0,0.9965304869143974,24,0.9443050600110746,24.0,0.9537972700347076
25.0,0.8988569909622541,25.0,0.8676615781878939,25.0,0.9798253394769028,25.0,0.9977064340285596,25,0.9484228656168397,25.0,0.94981177223713
26.0,0.8605729066255382,26.0,0.8904347114873431,26.0,0.9713239249621336,26.0,0.99770119757657,26,0.9438435640613297,26.0,0.9882199778622758
27.0,0.8301834130781499,27.0,0.9097870939976203,27.0,0.9642455964217401,27.0,0.998850598788285,27,0.9533732996358029,27.0,0.9901537540208971
28.0,0.8985380116959064,28.0,0.8547508047508048,28.0,0.9721221186809808,28.0,0.9965304869143974,28,0.9485440962298411,28.0,0.9912013060874918
29.0,0.7804958199695042,29.0,0.9044695071010861,29.0,0.9813233590152993,29.0,0.9942316844909674,29,0.9508055924582058,29.0,0.9921848863195365
30.0,0.7659356725146199,30.0,0.8637912769491717,30.0,0.9797845985410109,30.0,0.99770119757657,30,0.9419802856801075,30.0,0.9901900549256927
31.0,0.807695374800638,31.0,0.8464342674868991,31.0,0.9726855145832612,31.0,0.996551796364855,31,0.9396578432875885,31.0,0.9950978528333434
32.0,0.8311537877327351,32.0,0.8505189742031847,32.0,0.9687679176960303,32.0,0.998850598788285,32,0.9451115474691811,32.0,0.9843168108989031
33.0,0.824534821903243,33.0,0.8238655107076159,33.0,0.9679203335711585,33.0,0.99310359272971,33,0.9382804746038323,33.0,0.993139613731903
34.0,0.880190131505921,34.0,0.8497481076428445,34.0,0.9766592582670909,34.0,0.996551796364855,34,0.9383172127534064,34.0,0.9852715383112696
35.0,0.8491360978203084,35.0,0.8206602364497101,35.0,0.9790123119798473,35.0,0.9954181045091088,35,0.9436230026114749,35.0,0.9980417608985597
36.0,0.8514486975013291,36.0,0.8044581149844308,36.0,0.9875419697704744,36.0,0.996551796364855,36,0.9484433911550736,36.0,0.9892005223528636
37.0,0.7967542691226902,37.0,0.7789359763043974,37.0,0.9829321964034707,37.0,0.9977064340285596,37,0.9517628755545176,37.0,0.9910909219258277
38.0,0.8049774786616892,38.0,0.724177868914711,38.0,0.9820198841470613,38.0,1.0,38,0.9545119987061763,38.0,0.9897344865050647
39.0,0.8071504518872941,39.0,0.7810552021078336,39.0,0.9868440072092978,39.0,1.0,39,0.9502849805102416,39.0,0.9941032625069185
40.0,0.7464030121924858,40.0,0.8556618819776715,40.0,0.9751343151879462,40.0,0.99770119757657,40,0.9503981275871963,40.0,0.9890336698598773
41.0,0.7651648059542796,41.0,1.0,41.0,0.9756442156517375,41.0,0.9988558352402745,41,0.9605107091608027,41.0,0.9910624231284769
42.0,0.7409889817784555,,,42.0,0.9914341904615089,42.0,0.9988558352402745,42,0.9601202849315831,42.0,0.9901187058104906
43.0,0.7005849413744151,,,43.0,0.9883558344272911,43.0,0.99770119757657,43,0.9571831708299471,43.0,0.9950823820576387
44.0,0.774375332270069,,,44.0,0.9867363394708214,44.0,0.9977064340285596,44,0.9505564803110987,44.0,0.9919909599690669
45.0,0.6636763820974347,,,45.0,0.9866880424817334,45.0,0.9977064340285596,45,0.9608168412335909,45.0,0.9921119931223374
46.0,0.718447196078775,,,46.0,0.9813430480965963,46.0,0.9977116704805492,46,0.9702411498201885,46.0,0.9940967130938627
47.0,0.7965712649923177,,,47.0,0.9906666915874773,47.0,0.9988558352402745,47,0.9640028490228993,47.0,0.996072511702739
48.0,0.9893673577884105,,,48.0,0.9874487497892636,48.0,0.9965622692688342,48,0.977011959888237,48.0,0.9930911126730576
,,,,49.0,0.9905865843844752,49.0,1.0,49,0.9606401479503666,49.0,0.9930801025786774
,,,,50.0,0.9883872313487737,50.0,1.0,50,0.9701433683682256,50.0,0.994008349120959
,,,,51.0,0.9837154026411166,51.0,1.0,51,0.975577440270817,51.0,0.9980197407097992
,,,,52.0,0.9868526021037801,52.0,1.0,52,0.971560911206764,52.0,0.9949984787660594
,,,,53.0,0.9884048776279784,53.0,0.998850598788285,53,0.9667558161495317,53.0,0.9940922524125383
,,,,54.0,0.9851960560502819,54.0,0.9977064340285596,54,0.9755760529251413,54.0,0.993049161027268
,,,,55.0,0.9906898350363228,55.0,1.0,55,0.9741654982609098,55.0,0.9919799498746867
,,,,56.0,0.990714279554742,56.0,1.0,56,0.9735765880462781,56.0,0.9959205369980592
,,,,57.0,0.9860509568610117,57.0,1.0,57,0.9722208408735296,57.0,0.990983341620996
,,,,58.0,0.993031704960463,58.0,0.9988558352402745,58,0.975613420231669,58.0,0.9990098703548996
,,,,59.0,0.988374276675606,59.0,0.9977116704805492,59,0.9715209911172706,59.0,0.9980197407097992
,,,,60.0,0.9891615393867407,60.0,0.998850598788285,60,0.9789090403989384,60.0,0.9895521632363737
,,,,61.0,0.9853009058675379,61.0,0.9977064340285596,61,0.9777575537212917,61.0,0.9970296110646988
,,,,62.0,0.9852443516081457,62.0,0.998850598788285,62,0.9733838621725187,62.0,0.9900416422302756
,,,,63.0,0.9938057706390987,63.0,0.9977116704805492,63,0.97288599347344,63.0,0.9889105479748754
,,,,64.0,0.991476765920106,64.0,0.9977145380614006,64,0.9716305674241454,64.0,0.9970296110646988
,,,,65.0,0.9899593073857932,65.0,1.0,65,0.9769734988157733,65.0,0.9940857029994825
,,,,66.0,0.9937992214319286,66.0,0.9988558352402745,66,0.9701392172564731,66.0,0.9970296110646988
,,,,67.0,0.9868503598829932,67.0,0.9988558352402745,67,0.9782006139092198,67.0,0.9950802933259074
,,,,68.0,0.9906941948150082,68.0,1.0,68,0.9837814099836703,68.0,0.9900151613601906
,,,,69.0,0.9898818958590266,69.0,0.9977064340285596,69,0.98297744727587,69.0,0.9980197407097992
,,,,70.0,0.9898042632743578,70.0,0.998850598788285,70,0.977532668011047,70.0,0.9921119931223374
,,,,71.0,0.9922493846619919,71.0,0.9988558352402745,71,0.9817307207169225,71.0,0.9919909599690669
,,,,72.0,0.9945840171603793,72.0,0.9988494253536655,72,0.9783303186348561,72.0,0.9890714440422043
,,,,73.0,0.9953558934105303,73.0,0.99770526059394,73,0.976022714054867,73.0,0.9939712192592678
,,,,74.0,0.989689627940231,74.0,0.9988558352402745,74,0.9789661661643578,74.0,0.9970296110646988
,,,,75.0,0.9914681710256237,75.0,0.9942582303934147,75,0.9761712918877186,75.0,0.9930801025786774
,,,,76.0,0.9899507124913108,76.0,1.0,76,0.980963954731464,76.0,0.9940812423181581
,,,,77.0,0.989172474025618,77.0,0.9977064340285596,77,0.9802405585031375,77.0,0.9886194560127677
,,,,78.0,0.9922749361362463,78.0,0.9988558352402745,78,0.9803224919146044,78.0,0.9941011737751871
,,,,79.0,0.993798836812275,79.0,0.9977000241419505,79,0.9789058281772842,79.0,0.9921145456233176
,,,,80.0,0.9930402998549454,80.0,0.9977064340285596,80,0.9850498045922846,80.0,0.9930845632600018
,,,,81.0,0.9875545283696607,81.0,0.9965610958342147,81,0.9843941781989869,81.0,0.9901605866518147
,,,,82.0,0.9891735950300896,82.0,0.9977116704805492,82,0.9829990282453756,82.0,0.9930801025786774
,,,,83.0,0.989929252391681,83.0,0.9931141944670319,83,0.9871558061750983,83.0,0.9920108914260961
,,,,84.0,0.9860269176374128,84.0,0.9954716270622949,84,0.9781546825484143,84.0,0.9919909599690669
,,,,85.0,0.9922447470353748,85.0,0.9908226531814653,85,0.9898373280466953,85.0,0.9871812763538645
,,,,86.0,0.9922749009413782,86.0,0.9920415016542568,86,0.9768299751570659,86.0,0.9901715967461949
,,,,87.0,0.9899334156368917,87.0,0.9965594016879827,87,0.9878456163451077,87.0,0.9930690924842972
,,,,88.0,0.9922400648732088,88.0,0.9977116704805492,88,0.9823176140115754,88.0,0.9940702322237778
,,,,89.0,0.9907312731039645,89.0,0.9954197986553407,89,0.987804506786642,89.0,0.9900461029116
,,,,90.0,0.9930140410838243,90.0,0.9977116704805492,90,0.988386977067589,90.0,0.9920944336149015
,,,,91.0,0.9914703061809562,91.0,0.9954152369282574,91,0.986362521093779,91.0,0.9910008303239666
,,,,92.0,0.9969018177418831,92.0,0.9908495495030483,92,0.9864142264706321,92.0,0.9900151613601906
,,,,93.0,0.9876413696248668,93.0,0.9965558593822251,93,0.9829179506602073,93.0,0.9920108914260961
,,,,94.0,0.9868654497114935,94.0,0.9942820437822244,94,0.9877853842807688,94.0,0.9868577565902495
,,,,95.0,0.9914902489541,95.0,0.9849775237643857,95,0.986978422661822,95.0,0.9921209144849864
,,,,96.0,0.9945839995629452,96.0,0.9919815692144617,96,0.9871540522496827,96.0,0.9859821106853639
,,,,97.0,0.9961320766470646,97.0,0.9897439440716098,97,0.9896146032136539,97.0,0.9919909599690669
,,,,98.0,0.9938056811710785,98.0,0.9919796990530368,98,0.9863549501110843,98.0,0.9857016677148625
,,,,99.0,0.9953602179943476,99.0,0.9954128680571193,99,0.9822631013474945,99.0,0.9872166785865985
,,,,100.0,0.9938121585076624,100.0,0.983958400686647,100,0.9871601908573282,100.0,0.9850975434178293
,,,,101.0,0.9945512986501084,101.0,0.9908367297298301,101,0.9864168119979365,101.0,0.9866237259468622
,,,,102.0,0.9898805486698641,102.0,0.987379355458668,102,0.9878371278424269,102.0,0.9861120652012832
,,,,103.0,0.9922029865842525,103.0,0.9896860285725756,103,0.9890183005089601,103.0,0.9842662211083264
,,,,104.0,0.9922727657860456,104.0,0.9908585171104296,104,0.9891821928277529,104.0,0.9890824541365845
,,,,105.0,0.9945905120943972,105.0,0.9874783092444074,105,0.9877438917850239,105.0,0.9850140012290239
,,,,106.0,0.9930338049209274,106.0,0.9919796990530367,106,0.9877683101550546,106.0,0.9890800113825259
,,,,107.0,0.9922490091924767,107.0,0.9884563707500976,107,0.9850282056334386,107.0,0.9862265489414981
,,,,108.0,0.9914954195581817,108.0,0.9839764569118548,108,0.9885010566502392,108.0,0.9860701135554937
,,,,109.0,0.9899071744632046,109.0,0.9760666117545491,109,0.987794310719761,109.0,0.9848363934146772
,,,,110.0,0.9953623531496801,110.0,0.9818733848719775,110,0.98574946315245,110.0,0.9880923244914841
,,,,111.0,0.9906657290179683,111.0,0.9818664177283793,111,0.9898541063193275,111.0,0.991137688275269
,,,,112.0,0.9906919877890894,112.0,0.9839630118179947,112,0.985744602112744,112.0,0.9921408459420156
,,,,113.0,0.9938079057944312,113.0,0.9827805299953382,113,0.9816087479293658,113.0,0.9851044468532124
,,,,114.0,0.9937496543771535,114.0,0.9723074084418226,114,0.9891370072474359,114.0,0.9820260527862867
,,,,115.0,0.9907052566921746,115.0,0.979487164014049,115,0.9864381076562497,115.0,0.9843348341755879
,,,,116.0,0.99147724000778,116.0,0.9827227330843178,116,0.9809347005575612,116.0,0.978867648423892
,,,,117.0,0.9883771191278051,117.0,0.9691690221266472,117,0.9871397434684598,117.0,0.9872077572239495
,,,,118.0,0.9907139762495454,118.0,0.9709443116292026,118,0.9836562065154207,118.0,0.9870816886236937
,,,,119.0,0.9899334332343257,119.0,0.9687539190432761,119,0.9912093435498698,119.0,0.9861230752956636
,,,,120.0,0.9906842538443379,120.0,0.9595878301220337,120,0.9857728920583304,120.0,0.9842595930814891
,,,,121.0,0.985039164493765,121.0,0.9680514460508396,121,0.9897691411300439,121.0,0.9802415878349532
,,,,122.0,0.9953558934105303,122.0,0.9596514825106978,122,0.98850632276403,122.0,0.9852234808215755
,,,,123.0,0.9930402822575113,123.0,0.9545759492127605,123,0.9918192778471425,123.0,0.9802120915796951
,,,,124.0,0.9922554865290606,124.0,0.9667647316201301,124,0.9898758015045418,124.0,0.9792264606733194
,,,,125.0,0.9945108407494098,125.0,0.9482032467336673,125,0.9938981873255993,125.0,0.9833201318407468
,,,,126.0,0.9906515298883908,126.0,0.9452827060887254,126,0.9831043380717841,126.0,0.9752767622407031
,,,,127.0,0.9945683760032004,127.0,0.947255477787154,127,0.9898468921633231,127.0,0.9812300300430428
,,,,128.0,0.9899536909989402,128.0,0.9386478781687135,128,0.983678787545721,128.0,0.9803261483585707
,,,,129.0,0.9906961104690136,129.0,0.9368733208182435,129,0.9884851201887564,129.0,0.9802915929680687
,,,,130.0,0.9898271536934317,130.0,0.9186996361466825,130,0.9925316706864376,130.0,0.9824768582580942
,,,,131.0,0.9914551215140173,131.0,0.9235089767337418,131,0.9897852551545909,131.0,0.9862390021974833
,,,,132.0,0.9922554865290606,132.0,0.9218423271034174,132,0.9828841679846699,132.0,0.9762915506061735
,,,,133.0,0.9922016667610544,133.0,0.8997748973533733,133,0.9919145863624435,133.0,0.979209830971085
,,,,134.0,0.9914869991571899,134.0,0.9081786086610245,134,0.9925014784905892,134.0,0.9774118282299828
,,,,135.0,0.990718407898817,135.0,0.9052039127920477,135,0.9877366530494615,135.0,0.9714291313044697
,,,,136.0,0.9937858997365413,136.0,0.8849126956127815,136,0.9897344634982497,136.0,0.977214245870114
,,,,137.0,0.9876286240017078,137.0,0.8575656757385821,137,0.9864511782886247,137.0,0.9772898682670842
,,,,138.0,0.992971448027793,138.0,0.831571801899516,138,0.9863305474762711,138.0,0.9753637101483261
,,,,139.0,0.9899177744797129,139.0,0.8310785218950634,139,0.9884950596291021,139.0,0.9734971491893945
,,,,140.0,0.9929988388194512,140.0,0.7806826920098077,140,0.9884423814577165,140.0,0.9616383148804004
,,,,141.0,0.9899206398997645,141.0,0.7180446544256804,141,0.989831369402908,141.0,0.9608139665409697
,,,,142.0,0.989933522702346,142.0,0.6535513552368629,142,0.9796700970462494,142.0,0.974458169784058
,,,,143.0,0.9922515019261581,143.0,0.6454623306168076,143,0.9843798276236332,143.0,0.9399479471962822
,,,,144.0,0.9875876276100168,144.0,0.6735874366523843,144,0.9904473787190791,144.0,0.9571852141201829
,,,,145.0,0.9922684060073602,145.0,0.6962217555545738,145,0.9816597907586959,145.0,0.9559507963238326
,,,,146.0,0.9898916889804815,146.0,0.6765703619008651,146,0.9863766424090443,146.0,0.9539959229334831
,,,,147.0,0.9922693021519592,147.0,0.6937664115746299,147,0.9877132333817864,147.0,0.9545685834251803
,,,,148.0,0.9907117516261925,148.0,0.6210818433862056,148,0.9864688913723042,148.0,0.9568407007713928
,,,,149.0,0.9875834167256181,149.0,0.6771233232141671,149,0.9863666718921283,149.0,0.9382778090911619
,,,,150.0,0.9907034153981679,150.0,0.658489888821648,150,0.9806526606755648,150.0,0.9526887990460493
,,,,151.0,0.9867693776566859,151.0,0.6484966721662475,151,0.9856727541332442,151.0,0.9307060728205795
,,,,152.0,0.9906896331324297,152.0,0.6233792165083724,152,0.9877755402134287,152.0,0.9241461728508501
,,,,153.0,0.9883186476319499,153.0,0.5667101873125139,153,0.9871012971222777,153.0,0.9407103503846924
,,,,154.0,0.9907376338332478,154.0,0.6181844510072213,154,0.9850984485876254,154.0,0.9330037643023972
,,,,155.0,0.9876088953594728,155.0,0.5820189837941949,155,0.9816129661018458,155.0,0.9218430709593937
,,,,156.0,0.9890889815661708,156.0,0.538945940482585,156,0.9830495278258616,156.0,0.9056162054774455
,,,,157.0,0.9914922946414122,157.0,0.5757077057369866,157,0.9822507420897748,157.0,0.9034975906548726
,,,,158.0,0.987617873469239,158.0,0.541837997254098,158,0.9863771033164435,158.0,0.8988751495982326
,,,,159.0,0.9890131270763997,159.0,0.5474994148740793,159,0.9877637230593791,159.0,0.8901058394027311
,,,,160.0,0.9860297222848323,160.0,0.5017876900882352,160,0.9842303520009811,160.0,0.8671036012589857
,,,,161.0,0.9875700313399696,161.0,0.4894156302055197,161,0.9822554160426391,161.0,0.8702897992877342
,,,,162.0,0.9945929872306445,162.0,0.4609409865517478,162,0.9829996543721854,162.0,0.8255745081940767
,,,,163.0,0.9883271834935323,163.0,0.4799415364608141,163,0.9843756617741246,163.0,0.8292945730105128
,,,,164.0,0.9859777826457223,164.0,0.460246071319835,164,0.9891066220004996,164.0,0.7709453114404785
,,,,165.0,0.9868023323527141,165.0,0.4343950483352768,165,0.9836062858844792,165.0,0.7311462976162646
,,,,166.0,0.9899356212745275,166.0,0.461835283217953,166,0.9877625695132591,166.0,0.7181168417559968
,,,,167.0,0.9875851930390561,167.0,0.41925216810243393,167,0.983496473854067,167.0,0.6554210921346771
,,,,168.0,0.9907018262010955,168.0,0.4124121195448525,168,0.9829638603503592,168.0,0.7114762764510296
,,,,169.0,0.9882627599218362,169.0,0.3773287568130424,169,0.9898434896903379,169.0,0.7308829804790278
,,,,170.0,0.9891180452650888,170.0,0.3569500584985143,170,0.9844002510205121,170.0,0.7463210907953693
,,,,171.0,0.9868106551586072,171.0,0.3410272402367407,171,0.9864590692394082,171.0,0.7843932690361338
,,,,172.0,0.9766658136002322,172.0,0.3614065989583352,172,0.9816114909497352,172.0,0.7123832215255781
,,,,173.0,0.9829588368906291,173.0,0.368340363182119,173,0.989777506608832,173.0,0.7715795300040521
,,,,174.0,0.9790632562079019,174.0,0.32775518491955136,174,0.9870402327989088,174.0,0.7569952523946664
,,,,175.0,0.9766371041058608,175.0,0.33639477801567824,175,0.9843114738446918,175.0,0.7365835324515312
,,,,176.0,0.9860534961821029,176.0,0.3119022042805792,176,0.9870536196009642,176.0,0.7177784629008974
,,,,177.0,0.9767329289051765,177.0,0.29749391089438426,177,0.9870883116417724,177.0,0.7438186716161977
,,,,178.0,0.9836904099595642,178.0,0.3142952158899593,178,0.9822047329200936,178.0,0.6896932129487467
,,,,179.0,0.983733685108155,179.0,0.2897296603414333,179,0.9829594974500342,179.0,0.6757930867065094
,,,,180.0,0.9829340402288868,180.0,0.28425253166449693,180,0.9802607084193783,180.0,0.6725364377685263
,,,,181.0,0.9844686992530057,181.0,0.24795514236757857,181,0.9809784384086617,181.0,0.6601300456084419
,,,,182.0,0.9844358977645341,182.0,0.2565884864055169,182,0.9794830558730376,182.0,0.625026494068448
,,,,183.0,0.9867888788333508,183.0,0.259852103225481,183,0.9877196546167696,183.0,0.6040237511249019
,,,,184.0,0.986134011680756,184.0,0.2520630372711593,184,0.9857713595298695,184.0,0.5896238442667486
,,,,185.0,0.9804730428521404,185.0,0.23586075370738682,185,0.9864427503000991,185.0,0.5796169860575421
,,,,186.0,0.9837427136646301,186.0,0.2184756213293768,186,0.9789520056430268,186.0,0.5832026633940551
,,,,187.0,0.9852316564775394,187.0,0.22810270254492415,187,0.9822168353982944,187.0,0.5794087401546232
,,,,188.0,0.977519655217151,188.0,0.22278659658411007,188,0.9850683378815795,188.0,0.5461114864309445
,,,,189.0,0.9759046743734606,189.0,0.19186929499108196,189,0.9834860349348127,189.0,0.527905268461195
,,,,190.0,0.9688048322450338,190.0,0.21355291796643072,190,0.981623959661478,190.0,0.5170494805164139
,,,,191.0,0.9799295746752956,191.0,0.20416144482371879,191,0.9829494523969736,191.0,0.49943463354492246
,,,,192.0,0.9741572190011165,192.0,0.20620365384375994,192,0.9815960760228837,192.0,0.47497374469905396
,,,,193.0,0.9642770669126222,193.0,0.19316553506977238,193,0.9829056315387925,193.0,0.5117432940866113
,,,,194.0,0.966691549456927,194.0,0.1877543778375042,194,0.9815136043188825,194.0,0.4592175813464994
,,,,195.0,0.9679282090527133,195.0,0.17153362773532954,195,0.9796568707601757,195.0,0.4279995503922559
,,,,196.0,0.9603312935048991,196.0,0.17817924336996369,196,0.984316058578311,196.0,0.43378429626388865
,,,,197.0,0.970519707774353,197.0,0.18345390098056377,197,0.9766604832065653,197.0,0.4061342967758886
,,,,198.0,0.9540545637382276,198.0,0.15641100704956967,198,0.9808283796931481,198.0,0.4336627717980248
,,,,199.0,0.9566954681956088,199.0,0.1921400287945767,199,0.9829411881891941,199.0,0.3947149052795636
,,,,200.0,0.9531381007284211,200.0,0.186942374336094,200,0.9796048526490212,200.0,0.3744520036105287
,,,,201.0,0.9408523812066266,201.0,0.16846464838764946,201,0.9755635824734197,201.0,0.36179554518601886
,,,,202.0,0.9448591536005213,202.0,0.1491292879650978,202,0.9816441340971974,202.0,0.3740102781331079
,,,,203.0,0.9312379856602713,203.0,0.1661752978220974,203,0.9728231179584539,203.0,0.34765169843604093
,,,,204.0,0.9354314836940884,204.0,0.15497026381736947,204,0.9753800522113777,204.0,0.33957261688133566
,,,,205.0,0.9333170544886277,205.0,0.17008330878025388,205,0.9775555325062183,205.0,0.32239875973780246
,,,,206.0,0.9073972721718563,206.0,0.14455970133056564,206,0.9756689665166436,206.0,0.31646133978514035
,,,,207.0,0.8845793916927974,207.0,0.1710763113136772,207,0.9789408285026637,207.0,0.29352611973030684
,,,,208.0,0.8743116311279726,208.0,0.16658120383527983,208,0.9694319502058295,208.0,0.29637290645532566
,,,,209.0,0.8633323444609263,209.0,0.15425393959219513,209,0.9808180481469388,209.0,0.28617245378134754
,,,,210.0,0.8254078284641275,210.0,0.1892469212386978,210,0.9741584537493534,210.0,0.2660325211322246
,,,,211.0,0.7795523108290757,211.0,0.15244532159911273,211,0.9802951046580554,211.0,0.262978442176491
,,,,212.0,0.7230442551200847,212.0,0.18276876551632693,212,0.9618483498524887,212.0,0.25049183347569853
,,,,213.0,0.6290640258095099,213.0,0.1656314494080244,213,0.9708422648414344,213.0,0.24849750240402052
,,,,214.0,0.6217324959828203,214.0,0.20806020276840734,214,0.9762642741962566,214.0,0.2432786587836651
,,,,215.0,0.6344552160013176,215.0,0.19012538867812034,215,0.9721145890589453,215.0,0.23631306217127368
,,,,216.0,0.6306458121890182,216.0,0.19264265202645717,216,0.9715056526627303,216.0,0.227815848941621
,,,,217.0,0.6413184776564198,217.0,0.19610967061719392,217,0.9641360958358707,217.0,0.23554931806264187
,,,,218.0,0.6692285318099388,218.0,0.2685577124513266,218,0.9635606066247081,218.0,0.23508787885970256
,,,,219.0,0.632409833065626,219.0,0.21644189583772877,219,0.9680182415319976,219.0,0.21932912250690634
,,,,220.0,0.6154942366849638,220.0,0.2368650123418021,220,0.9654001755843514,220.0,0.2074729432836439
,,,,221.0,0.6233145447018725,221.0,0.22438891484288706,221,0.9672728390879055,221.0,0.1995754864897151
,,,,222.0,0.5941899072123196,222.0,0.25248358116438036,222,0.9598957869616924,222.0,0.17806504112202934
,,,,223.0,0.5657272337156122,223.0,0.2805946306234138,223,0.9544040843079421,223.0,0.17549850538493206
,,,,224.0,0.5347965876220293,224.0,0.2673207207290705,224,0.9546953587269438,224.0,0.19867839947229318
,,,,225.0,0.5389678227810226,225.0,0.30632165903305614,225,0.9530227688443617,225.0,0.17881049733388754
,,,,226.0,0.5032435437403595,226.0,0.37762067186885656,226,0.949334721428794,226.0,0.17366412515393292
,,,,227.0,0.48257314928891126,227.0,0.3700373117014525,227,0.9532022408236593,227.0,0.17191154659648553
,,,,228.0,0.4353614879182471,228.0,0.5167957303702705,228,0.9524945064732511,228.0,0.14972522489695836
,,,,229.0,0.4385511242237166,229.0,0.6026245477795781,229,0.9395618931698765,229.0,0.15895804661179525
,,,,230.0,0.41789291292137454,,,230,0.9371093690512767,230.0,0.17918856125921595
,,,,231.0,0.3971377757969466,,,231,0.9360271593594421,231.0,0.16554896760547289
,,,,232.0,0.3571475665440585,,,232,0.9084695334916333,232.0,0.16369686896338717
,,,,233.0,0.37802416260367716,,,233,0.9185749161007024,233.0,0.14930865613272123
,,,,234.0,0.3584769958655751,,,234,0.9106295966210272,234.0,0.14891783837346734
,,,,235.0,0.3536323674535242,,,235,0.8863489956587974,235.0,0.13762337651455347
,,,,236.0,0.33447122461078144,,,236,0.8905771158983302,236.0,0.14913728212784116
,,,,237.0,0.29389551743778985,,,237,0.8613080415891936,237.0,0.13101778859248794
,,,,238.0,0.3046838459287851,,,238,0.8092951987696373,238.0,0.14823147502448655
,,,,239.0,0.3040530190849799,,,239,0.8129222285109697,239.0,0.15982483507891748
,,,,240.0,0.29631186738284626,,,240,0.7584006215999894,240.0,0.1274947946066944
,,,,241.0,0.24324286340986231,,,241,0.6882761124821051,241.0,0.1293117368095288
,,,,242.0,0.274185671678456,,,242,0.6058549978137292,242.0,0.15394236848661347
,,,,243.0,0.2410526821443177,,,243,0.6779758377942915,243.0,0.15609472032402152
,,,,244.0,0.23839624339147256,,,244,0.7304637633815404,244.0,0.17808176092811578
,,,,245.0,0.21392203389733364,,,245,0.7854248264820581,245.0,0.16120362902693397
,,,,246.0,0.22911785851020533,,,246,0.8001669783406118,246.0,0.1751993279572675
,,,,247.0,0.21276200261608308,,,247,0.7963242880513103,247.0,0.16860642306451554
,,,,248.0,0.19207295291543747,,,248,0.8197323150305561,248.0,0.1990730659703033
,,,,249.0,0.20650001382102623,,,249,0.8107409120235586,249.0,0.18866055623564798
,,,,250.0,0.21285728347123192,,,250,0.8180590334438328,250.0,0.16768460838989557
,,,,251.0,0.19635635543602792,,,251,0.8395293632545425,251.0,0.17551578698566547
,,,,252.0,0.17270460015003564,,,252,0.8194663702178546,252.0,0.16616354953055446
,,,,253.0,0.20307177175022006,,,253,0.827969846230221,253.0,0.21629173748015745
,,,,254.0,0.15419046321165894,,,254,0.8447919842233467,254.0,0.2084193964850785
,,,,255.0,0.17482834057792182,,,255,0.8185923208399143,255.0,0.21236910782999296
,,,,256.0,0.14641164584418756,,,256,0.7851440113247273,256.0,0.22757225423930788
,,,,257.0,0.15165354824582558,,,257,0.7890276741597647,257.0,0.2469585503871696
,,,,258.0,0.14283991146869632,,,258,0.781417065451064,258.0,0.25777381967859986
,,,,259.0,0.14181582904910836,,,259,0.7755982549191814,259.0,0.2987376818794623
,,,,260.0,0.14442401509561345,,,260,0.764320597498466,260.0,0.2728696903671235
,,,,261.0,0.13561691996723696,,,261,0.7217704404072213,261.0,0.29674264488979374
,,,,262.0,0.11943847827578528,,,262,0.7217836041603528,262.0,0.3017816785488846
,,,,263.0,0.12931511030197312,,,263,0.7114519056956049,263.0,0.3272578963233905
,,,,264.0,0.15568759591191647,,,264,0.6719868536240425,264.0,0.3474309735952396
,,,,265.0,0.1363307655841011,,,265,0.6756421255369519,265.0,0.3802038444198751
,,,,266.0,0.11062465284541179,,,266,0.6260587968833955,266.0,0.3980161526459516
,,,,267.0,0.11810821542046333,,,267,0.6318144532052045,267.0,0.41817020917206615
,,,,268.0,0.12051005628139085,,,268,0.5847267159874167,268.0,0.5201685102028358
,,,,269.0,0.13013043157816123,,,269,0.5769199915298763,269.0,0.5388064269567003
,,,,270.0,0.11529795042546173,,,270,0.5666835635203938,270.0,0.6237792335094733
,,,,271.0,0.09873482445435619,,,271,0.5021542411168269,,
,,,,272.0,0.11620599774894241,,,272,0.4595220177689001,,
,,,,273.0,0.10052763780183219,,,273,0.4668856791355632,,
,,,,274.0,0.113559013407481,,,274,0.47684392790550195,,
,,,,275.0,0.10282049399534439,,,275,0.43815905298565255,,
,,,,276.0,0.09282049264669848,,,276,0.4070410877465878,,
,,,,277.0,0.08485645096590017,,,277,0.41204329836571885,,
,,,,278.0,0.09539961974053589,,,278,0.3831448647593443,,
,,,,279.0,0.0965630889825182,,,279,0.3798788694155895,,
,,,,280.0,0.09210216186934006,,,280,0.37205857251181995,,
,,,,281.0,0.09689919703862934,,,281,0.29239917583299857,,
,,,,282.0,0.0903419053911858,,,282,0.31537825548331366,,
,,,,283.0,0.09642924252102178,,,283,0.33954114175372785,,
,,,,284.0,0.0922409171358371,,,284,0.3193970000819014,,
,,,,285.0,0.10434238577681124,,,285,0.2812149303178168,,
,,,,286.0,0.09591854001623584,,,286,0.28130386875669067,,
,,,,287.0,0.09523129162696373,,,287,0.26548295344173933,,
,,,,288.0,0.07840673243967546,,,288,0.2681651030884283,,
,,,,289.0,0.09299072740660952,,,289,0.2420341830405934,,
,,,,290.0,0.09683087982920062,,,290,0.25527801903325914,,
,,,,291.0,0.08193085077467677,,,291,0.2386290130214905,,
,,,,292.0,0.08576931566351019,,,292,0.20385847692553427,,
,,,,293.0,0.09016553788624856,,,293,0.22220202579608667,,
,,,,294.0,0.09385591164896107,,,294,0.23803419562606418,,
,,,,295.0,0.07968167753295492,,,295,0.21910613453132005,,
,,,,296.0,0.07820605341737939,,,296,0.18644320224895827,,
,,,,297.0,0.08386343138458408,,,297,0.19959713492224315,,
,,,,298.0,0.08681058029410443,,,298,0.20274095070844317,,
,,,,299.0,0.08644220930827742,,,299,0.1929055375481977,,
,,,,300.0,0.09692358356887194,,,300,0.19323192213071833,,
,,,,301.0,0.09033190147311108,,,301,0.17100657493330226,,
,,,,302.0,0.08064865713932534,,,302,0.16782801115739368,,
,,,,303.0,0.08333326383493159,,,303,0.16874898740195243,,
,,,,304.0,0.1111988306091279,,,304,0.1689217797815238,,
,,,,305.0,0.09641359716033565,,,305,0.15803875887853483,,
,,,,306.0,0.10039594749278813,,,306,0.18135788606225384,,
,,,,307.0,0.10210473011849974,,,307,0.14352894444832706,,
,,,,308.0,0.0962004781282973,,,308,0.16440406750724387,,
,,,,309.0,0.10602203255517673,,,309,0.14400594690026633,,
,,,,310.0,0.11815860685368812,,,310,0.15064836766742717,,
,,,,311.0,0.09984137153137143,,,311,0.15415286105423628,,
,,,,312.0,0.1029935096656136,,,312,0.1392611785524772,,
,,,,313.0,0.10734023613972546,,,313,0.15976534452582394,,
,,,,314.0,0.09132651625090886,,,314,0.14855496266485102,,
,,,,315.0,0.10526431210133372,,,315,0.12591614898403514,,
,,,,316.0,0.10610905789461815,,,316,0.1589171702636517,,
,,,,317.0,0.11449121206240788,,,317,0.12470835168131814,,
,,,,318.0,0.10709326075195014,,,318,0.13487735926830952,,
,,,,319.0,0.13038933379929774,,,319,0.1386114181485774,,
,,,,320.0,0.10859369199753661,,,320,0.12436132357777459,,
,,,,321.0,0.11325152527369996,,,321,0.13719396382443452,,
,,,,322.0,0.1073680231250901,,,322,0.10691307866840859,,
,,,,323.0,0.13062072302191804,,,323,0.12152565856090213,,
,,,,324.0,0.1226073067903064,,,324,0.12711514892505535,,
,,,,325.0,0.13052927129862996,,,325,0.13689173095814766,,
,,,,326.0,0.13597311992816283,,,326,0.1337756701957971,,
,,,,327.0,0.13540290230740454,,,327,0.12884822871446236,,
,,,,328.0,0.1408235427181195,,,328,0.11228082485138577,,
,,,,329.0,0.15932537641053465,,,329,0.1220905311009913,,
,,,,330.0,0.16945276600938697,,,330,0.11259611248077651,,
,,,,331.0,0.16669054125176913,,,331,0.11731940104600956,,
,,,,332.0,0.17879910555881384,,,332,0.12024094307786028,,
,,,,333.0,0.18003727901580716,,,333,0.11757366112304111,,
,,,,334.0,0.20977721743993796,,,334,0.11561850041035909,,
,,,,335.0,0.22370875296240625,,,335,0.12130900786640018,,
,,,,336.0,0.25666453947049367,,,336,0.11353055458690939,,
,,,,337.0,0.2670793594633856,,,337,0.1275237981734921,,
,,,,338.0,0.33522792215626007,,,338,0.1230455445368317,,
,,,,339.0,0.4263242987531446,,,339,0.12431675203169046,,
,,,,340.0,0.529766610595747,,,340,0.120933800095094,,
,,,,,,,,341,0.12868237805280927,,
,,,,,,,,342,0.131944971335652,,
,,,,,,,,343,0.1322212326177763,,
,,,,,,,,344,0.12419627060129837,,
,,,,,,,,345,0.1315511523472309,,
,,,,,,,,346,0.1391119559900799,,
,,,,,,,,347,0.13353321827588985,,
,,,,,,,,348,0.13716496315327573,,
,,,,,,,,349,0.14108147517301986,,
,,,,,,,,350,0.14329403818309347,,
,,,,,,,,351,0.13121214366795703,,
,,,,,,,,352,0.14447612086024086,,
,,,,,,,,353,0.1490898895179049,,
,,,,,,,,354,0.13831373716927528,,
,,,,,,,,355,0.15194147661109542,,
,,,,,,,,356,0.14964741186218944,,
,,,,,,,,357,0.15422341605651915,,
,,,,,,,,358,0.1420299185409032,,
,,,,,,,,359,0.16989943583749273,,
,,,,,,,,360,0.14044428558108524,,
,,,,,,,,361,0.16912544965390028,,
,,,,,,,,362,0.16925592434248798,,
,,,,,,,,363,0.18250558187894447,,
,,,,,,,,364,0.16628936631188015,,
,,,,,,,,365,0.17751548864434202,,
,,,,,,,,366,0.17805060176078502,,
,,,,,,,,367,0.18672118381888755,,
,,,,,,,,368,0.1874763012084565,,
,,,,,,,,369,0.17418661232817267,,
,,,,,,,,370,0.1741182102495587,,
,,,,,,,,371,0.17886292028418835,,
,,,,,,,,372,0.18377523179156174,,
,,,,,,,,373,0.1973435006009049,,
,,,,,,,,374,0.20100539631184944,,
,,,,,,,,375,0.1966886765181578,,
,,,,,,,,376,0.21775007185547887,,
,,,,,,,,377,0.222215042294042,,
,,,,,,,,378,0.22334310477095703,,
,,,,,,,,379,0.24221637651053465,,
,,,,,,,,380,0.25533505126143186,,
,,,,,,,,381,0.25662872115584984,,
,,,,,,,,382,0.2883151575255522,,
,,,,,,,,383,0.3249887783716746,,
,,,,,,,,384,0.3119301570249963,,
,,,,,,,,385,0.3757080770432309,,
,,,,,,,,386,0.4301304799061837,,
,,,,,,,,387,0.535890108215217,,
,,,,,,,,388,0.7398506064831457,,
