x_albumin_before_hydrolysis_RandomForest,y_albumin_before_hydrolysis_RandomForest,x_albumin_after_hydrolysis_RandomForest,y_albumin_after_hydrolysis_RandomForest,x_fibrinogen_before_hydrolysis_RandomForest,y_fibrinogen_before_hydrolysis_RandomForest,x_fibrinogen_after_hydrolysis_RandomForest,y_fibrinogen_after_hydrolysis_RandomForest,x_fibrinogen&albumin_before_hydrolysis_RandomForest,y_fibrinogen&albumin_before_hydrolysis_RandomForest,x_fibrinogen&albumin_after_hydrolysis_RandomForest,y_fibrinogen&albumin_after_hydrolysis_RandomForest
2.0,0.45297232007758326,2.0,1.0,2.0,0.24803231143098542,2.0,0.32963422553033667,2,0.26049266903795504,2.0,0.3780625093046703
3.0,0.9837187666135034,3.0,0.9941520467836257,3.0,0.282581133171861,3.0,0.6855718754098611,3,0.295136959772379,3.0,0.5641814802147748
4.0,0.9572434875066455,4.0,0.9824561403508771,4.0,0.34247364944860387,4.0,0.7930751054746503,4,0.40022800306016004,4.0,0.7847148501549167
5.0,0.9893673577884105,5.0,0.9941520467836257,5.0,0.4885689936083614,5.0,0.8423796688326687,5,0.47652925402459073,5.0,0.8484987181977817
6.0,0.9677698032961191,6.0,0.9763043973570289,6.0,0.571970484933263,6.0,0.8644891367276591,6,0.5058059852528166,6.0,0.8573640152675587
7.0,0.9627857522594365,7.0,0.9941520467836257,7.0,0.6831268814512812,7.0,0.8408898328147579,7,0.49048952503146026,7.0,0.8533012454056388
8.0,0.9674375332270069,8.0,0.9467608414976836,8.0,0.7710640624036724,8.0,0.851003025306534,8,0.4798577774932202,8.0,0.8558073279313988
9.0,0.9681020733652312,9.0,0.9464684438368649,9.0,0.7993684306722556,9.0,0.890477155216386,9,0.5198710675908139,9.0,0.8490402851116929
10.0,0.9514885699096225,10.0,0.9587719298245614,10.0,0.8693061671526165,10.0,0.9213659647617939,10,0.5606674637096796,10.0,0.8643632149338706
11.0,0.9677698032961191,11.0,0.9824561403508771,11.0,0.9230616248035896,11.0,0.9392068404870452,11,0.6343099010759884,11.0,0.8769731438878934
12.0,0.9893673577884105,12.0,0.9470760233918128,12.0,0.9225993792520195,12.0,0.9416845244956898,12,0.6449316047365744,12.0,0.8765349468894057
13.0,0.9514885699096225,13.0,0.9824561403508771,13.0,0.9188037339178271,13.0,0.9536364841517233,13,0.7310167482262065,13.0,0.8618343678590822
14.0,0.9621212121212122,14.0,0.9643274853801169,14.0,0.9434535705168527,14.0,0.9667014306331652,14,0.8168192148005355,14.0,0.8820776346250444
15.0,0.9677698032961191,15.0,0.9763157894736842,15.0,0.9526246164190425,15.0,0.9631701939369214,15,0.8547353128107503,15.0,0.8649786582846175
16.0,0.9734183944710261,16.0,0.9763157894736842,16.0,0.952666574417915,16.0,0.9908053330197916,16,0.8718998134423612,16.0,0.9108127389164875
17.0,1.0,17.0,0.9883040935672515,17.0,0.9688136111651648,17.0,0.9793445051669747,17,0.912161031946531,17.0,0.9254909621013415
18.0,0.9840510366826156,18.0,0.9529239766081871,18.0,0.9595651106183202,18.0,0.9885170035003408,18,0.9479017894391278,18.0,0.9405704892875448
19.0,0.9840510366826156,19.0,0.9821637426900585,19.0,0.9537923809246014,19.0,0.9804673604762424,19,0.9550333288452819,19.0,0.9456945445262724
20.0,0.9946836788942052,20.0,0.9883040935672515,20.0,0.9628115715781221,20.0,0.9816416134441727,20,0.9702632983081034,20.0,0.9467444492984124
21.0,0.9734183944710261,21.0,0.9824561403508771,21.0,0.9696704523874773,21.0,0.9862194459176938,21,0.9598676218211935,21.0,0.9319178992871233
22.0,0.9946836788942052,22.0,0.9824561403508771,22.0,0.9649499814466697,22.0,0.9931064823124606,22,0.962654830329185,22.0,0.9339489973667596
23.0,0.9893673577884105,23.0,0.9941520467836257,23.0,0.9658421963224001,23.0,0.9839172680362411,23,0.9621715509235536,23.0,0.9477524300176794
24.0,0.9840510366826156,24.0,0.9941520467836257,24.0,0.9681914355829048,24.0,0.9839017723820516,24,0.9579897945594822,24.0,0.9576035322743931
25.0,0.9734183944710261,25.0,0.9821637426900585,25.0,0.9697566428685915,25.0,0.9896745087448968,25,0.9582698336418286,25.0,0.9503262711797071
26.0,0.9734183944710261,26.0,0.9883040935672515,26.0,0.9758856492070991,26.0,0.9919476496199913,26,0.9560610267289665,26.0,0.9774548923578057
27.0,0.9893673577884105,27.0,0.9643274853801169,27.0,0.9744380806999453,27.0,0.9861394626971955,27,0.9497646406217753,27.0,0.9813075232776278
28.0,0.9787347155768208,28.0,0.9824561403508771,28.0,0.9727154362027499,28.0,0.9897048100270489,28,0.9566596051833464,28.0,0.9882642306531931
29.0,0.9840510366826156,29.0,0.9824561403508771,29.0,0.9767300124349438,29.0,0.9839515269266649,29,0.9571440673957795,29.0,0.9891002833446663
30.0,0.9893673577884105,30.0,0.9824561403508771,30.0,0.9821142312465085,30.0,0.99060261805558,30,0.9580849716073936,30.0,0.9814040268675139
31.0,0.9787347155768208,31.0,0.9763157894736842,31.0,0.971330788743928,31.0,0.9919663805701053,31,0.9578678781060335,31.0,0.9892015301900617
32.0,0.9840510366826156,32.0,0.9941520467836257,32.0,0.9736133000182929,32.0,0.9907982484082762,32,0.9535871042652743,32.0,0.9853137731749211
33.0,0.9627857522594365,33.0,0.9526315789473684,33.0,0.9742876470424264,33.0,0.9918631540766739,33,0.9595675787022698,33.0,0.9843484604949672
34.0,0.9681020733652312,34.0,0.9526315789473684,34.0,0.9797829330603757,34.0,0.9908350704199383,34,0.9481179755485898,34.0,0.9822554386567394
35.0,0.9840510366826156,35.0,0.9590643274853801,35.0,0.9853054701247101,35.0,0.988508296148757,35,0.9533417695169366,35.0,0.9833513266790396
36.0,0.9663676966308545,36.0,0.9646198830409357,36.0,0.9789205054215374,36.0,0.9861833751264296,36,0.9569574473935625,36.0,0.9872456630382146
37.0,0.9734183944710261,37.0,0.9763157894736842,37.0,0.9671792959624811,37.0,0.9874292926519528,37,0.959772902532755,37.0,0.9823520832118796
38.0,0.9677698032961191,38.0,0.9464912280701754,38.0,0.9781361800055349,38.0,0.980041793387438,38,0.9633970136253686,38.0,0.9823761921323714
39.0,0.9893673577884105,39.0,0.9823042454621402,39.0,0.9883700258424394,39.0,0.9790151606055087,39,0.9524041674545711,39.0,0.9813817334378845
40.0,0.9730861244019139,40.0,0.9821637426900585,40.0,0.983716294912234,40.0,0.985058847672829,40,0.9546583260231073,40.0,0.9843257930890246
41.0,0.9734183944710261,41.0,0.9526315789473684,41.0,0.9726462330016704,41.0,0.9907318090901668,41,0.9692877010835571,41.0,0.9842249710704218
42.0,0.9677698032961191,,,42.0,0.9845576690377655,42.0,0.991957601812358,42,0.9604211610066582,42.0,0.9931399677542303
43.0,0.9787347155768208,,,43.0,0.9859644546344792,43.0,0.9850081305451295,43,0.9702648587809082,43.0,0.9863170624736056
44.0,0.9946836788942052,,,44.0,0.9852062107815688,44.0,0.9825655218755862,44,0.9663957365522408,44.0,0.9911882680888529
45.0,0.9946836788942052,,,45.0,0.976674766861934,45.0,0.990720162751568,45,0.9681404980287571,45.0,0.9921609090309828
46.0,0.9568048910154173,,,46.0,0.9821493012987305,46.0,0.9930184664652848,46,0.9665350139722836,46.0,0.9901980776162799
47.0,0.9893673577884105,,,47.0,0.9828540564920496,47.0,0.9919488230546107,47,0.9670811644116145,47.0,0.9921629269582486
48.0,0.9787347155768208,,,48.0,0.9827846198226389,48.0,0.9836705177544105,48,0.9650869739798574,48.0,0.9862771995595473
,,,,49.0,0.9799199699715628,49.0,0.9873305157541311,49,0.9676027556597387,49.0,0.9911486983696494
,,,,50.0,0.9875686482331103,50.0,0.9885125896749126,50,0.9728842312352548,50.0,0.9892260473626646
,,,,51.0,0.9852445407201963,51.0,0.9896661102250984,51,0.9564015684089746,51.0,0.9931334183411745
,,,,52.0,0.9820507912294051,52.0,0.987261719982622,52,0.9655402039461239,52.0,0.9902339655032791
,,,,53.0,0.9884033680323961,53.0,0.9839329665852942,53,0.9713495295781964,53.0,0.9950802933259074
,,,,54.0,0.9859520351973017,54.0,0.9861304685875266,54,0.9719368539862078,54.0,0.9892344896687371
,,,,55.0,0.9813694448784699,55.0,0.9942423890260512,55,0.9665305337124441,55.0,0.9901582147022215
,,,,56.0,0.9828815661452118,56.0,0.988485828142742,56,0.9584333699589915,56.0,0.9901762498869301
,,,,57.0,0.9790040467254918,57.0,0.9849588861278816,57,0.9657960921354388,57.0,0.9921540055955996
,,,,58.0,0.9882937609450991,58.0,0.9873652554193868,58,0.9711140766457278,58.0,0.9960659622896834
,,,,59.0,0.9821601486135548,59.0,0.9873205635617643,59,0.9680638179597332,59.0,0.9941032625069185
,,,,60.0,0.9860573507804037,60.0,0.9874016452270761,60,0.9608750073512919,60.0,0.9941232547914203
,,,,61.0,0.9859734791720435,61.0,0.9860597048961545,61,0.9684235845560379,61.0,0.9950493517744979
,,,,62.0,0.9906476744057912,62.0,0.9781172682534599,62,0.9707623276765935,62.0,0.9852388620504563
,,,,63.0,0.9807036868084429,63.0,0.987400486165492,63,0.9623989445928474,63.0,0.9911886929156457
,,,,64.0,0.9789784449298274,64.0,0.9826760704176941,64,0.9699441370690944,64.0,0.9921099043906062
,,,,65.0,0.9844586517682491,65.0,0.9839784033516585,65,0.9627346923503723,65.0,0.9940912528200846
,,,,66.0,0.9767510802527228,66.0,0.9851150038533393,66,0.9660057181467993,66.0,0.9931431356482464
,,,,67.0,0.9782007545594934,67.0,0.9770331512063855,67,0.960786477570234,67.0,0.9901850495946338
,,,,68.0,0.9759402696975714,68.0,0.984951104789561,68,0.9721014702995103,68.0,0.9931355679003785
,,,,69.0,0.9813633654801005,69.0,0.9815875710845806,69,0.9666943148898062,69.0,0.989228365082474
,,,,70.0,0.98216448310771,70.0,0.9907249004938443,70,0.9691344801408079,70.0,0.9911941111043098
,,,,71.0,0.9812860803848493,71.0,0.982699424533528,71,0.972375098620014,71.0,0.989203487289855
,,,,72.0,0.9827680565954783,72.0,0.9793444557627102,72,0.9717243051457316,72.0,0.993991150716297
,,,,73.0,0.9836177712008967,73.0,0.9896357280641702,73,0.9704673502017197,73.0,0.9921408459420156
,,,,74.0,0.9891252251733025,74.0,0.9872874661049243,74,0.9622258588652578,74.0,0.9891970274236233
,,,,75.0,0.97594936358282,75.0,0.9827619216446953,75,0.9677510627111365,75.0,0.9951136776313754
,,,,76.0,0.9829116532706699,76.0,0.9839156802491897,76,0.9709231522840834,76.0,0.991065156180844
,,,,77.0,0.9798186105335801,77.0,0.9724849902644196,77,0.9616786408368415,77.0,0.9931355679003785
,,,,78.0,0.9852381444153548,78.0,0.9813892323481076,78,0.9631486342263447,78.0,0.9950913034202876
,,,,79.0,0.9853257150332143,79.0,0.9884343129461562,79,0.9756174334227119,79.0,0.9930870060140605
,,,,80.0,0.9804817348980075,80.0,0.9815830352101561,80,0.9739549463556574,80.0,0.9940991558479214
,,,,81.0,0.9806558343310701,81.0,0.9850284143792822,81,0.9605502078438087,81.0,0.9900794872170681
,,,,82.0,0.9744144272616595,82.0,0.9769432721794985,82,0.9655691465089132,82.0,0.9892293225898137
,,,,83.0,0.9821598286690377,83.0,0.9826546727758635,83,0.9720220478110793,83.0,0.9921209144849864
,,,,84.0,0.9797581920572603,84.0,0.9825406529063467,84,0.969664275301894,84.0,0.9950748330521293
,,,,85.0,0.9868097392411949,85.0,0.9791991164782884,85,0.9605994256813453,85.0,0.9911820826751173
,,,,86.0,0.9725388598867907,86.0,0.9804326669427464,86,0.9675844901153466,86.0,0.9910993683539082
,,,,87.0,0.9828687783203834,87.0,0.9756730278199924,87,0.9720317541424802,87.0,0.9951082173575972
,,,,88.0,0.9750801124454779,88.0,0.9781079256137073,88,0.9646562745722153,88.0,0.9961062500305344
,,,,89.0,0.9790119248145499,89.0,0.9790375495717956,89,0.9645065067120522,89.0,0.9871734293637866
,,,,90.0,0.9679992015659103,90.0,0.9791403786975943,90,0.9678832691941374,90.0,0.9901861387339115
,,,,91.0,0.9742918427479604,91.0,0.9824073268041538,91,0.9671175150573845,91.0,0.991164169145354
,,,,92.0,0.9712102363236608,92.0,0.9790062902069455,92,0.969776086128628,92.0,0.9921540055955996
,,,,93.0,0.977370315128308,93.0,0.9708743714089092,93,0.970389555256528,93.0,0.9891483270710324
,,,,94.0,0.9774670102209569,94.0,0.9768833890277184,94,0.9690600136211216,94.0,0.9922027916795537
,,,,95.0,0.9775770511255036,95.0,0.9737804920869549,95,0.9694255417414909,95.0,0.9900615736873047
,,,,96.0,0.9837452522528549,96.0,0.9663174073366649,96,0.958274385343464,96.0,0.9855598700627941
,,,,97.0,0.9674631643352489,97.0,0.9721536055824143,97,0.9561144630566996,97.0,0.9880219867908387
,,,,98.0,0.9681170123247782,98.0,0.9651503879675545,98,0.9725627727694579,98.0,0.9882458031852416
,,,,99.0,0.9789398981565032,99.0,0.973018474101072,99,0.9725223048760283,99.0,0.9921319245793666
,,,,100.0,0.9736254342503383,100.0,0.954771227543533,100,0.9547518394734587,100.0,0.9890979249122892
,,,,101.0,0.9798895421004894,101.0,0.9686898518999233,101,0.9667178758957095,101.0,0.9891980270160768
,,,,102.0,0.978316773254609,102.0,0.9676475453488577,102,0.9681208018729643,102.0,0.9902016703370887
,,,,103.0,0.9758980413272279,103.0,0.9804635086266722,103,0.9703968042708122,103.0,0.987205912767624
,,,,104.0,0.972044155120508,104.0,0.9724127769145855,104,0.9645239748489468,104.0,0.9851308079993829
,,,,105.0,0.9743791300901617,105.0,0.9683053718464762,105,0.9695672886925206,105.0,0.9872631804605365
,,,,106.0,0.9734931171742337,106.0,0.9722278990900045,106,0.9676715744040233,106.0,0.9891731440361788
,,,,107.0,0.9728576707963277,107.0,0.968621116313609,107,0.9580856319322779,107.0,0.9842307555870021
,,,,108.0,0.972624397578841,108.0,0.9731894204564776,108,0.9640467120365356,108.0,0.989210158357856
,,,,109.0,0.9665110421337895,109.0,0.9581223994596985,109,0.9568751206586366,109.0,0.9891158384420525
,,,,110.0,0.97891944120573,110.0,0.9767130079266588,110,0.956787905276037,110.0,0.989206284066241
,,,,111.0,0.9790120959546915,111.0,0.9756255117805638,111,0.9564425012904305,111.0,0.9861788338122194
,,,,112.0,0.9720079818731625,112.0,0.9804048217059237,112,0.9616948676536261,112.0,0.9872751193429049
,,,,113.0,0.9743887399900997,113.0,0.956165143972362,113,0.9587014618862051,113.0,0.9872332993290533
,,,,114.0,0.9760148153277848,114.0,0.9721315022694166,114,0.953179547307928,114.0,0.9794807130720443
,,,,115.0,0.9667881871094942,115.0,0.9746974534071832,115,0.9523029731800431,115.0,0.9882361754249938
,,,,116.0,0.9664540990738896,116.0,0.9654394772405841,116,0.9540225623577594,116.0,0.9832792104377932
,,,,117.0,0.9743411173082175,117.0,0.9655279277522016,117,0.9580389566754108,117.0,0.9901988564654001
,,,,118.0,0.9681980203615923,118.0,0.9695123953652517,118,0.9562580921897867,118.0,0.9832621983776106
,,,,119.0,0.9742296292242341,119.0,0.9594730263070721,119,0.956852451518183,119.0,0.988310309593506
,,,,120.0,0.9720670377763839,120.0,0.96273282929356,120,0.9607798614998406,120.0,0.9902139919611359
,,,,121.0,0.9782271919023653,121.0,0.9723919882368567,121,0.9543273785204137,121.0,0.9815600159392741
,,,,122.0,0.9758514647530009,122.0,0.9699183638234917,122,0.9618407765258373,122.0,0.989059134141233
,,,,123.0,0.9789543877220164,123.0,0.9641348697820867,123,0.955313630171234,123.0,0.987130604532339
,,,,124.0,0.9743225803441514,124.0,0.9620307514963462,124,0.9549219291792653,124.0,0.996097731708689
,,,,125.0,0.968051536473117,125.0,0.9642650431565933,125,0.9614978721338413,125.0,0.993164449439408
,,,,126.0,0.9647981106881873,126.0,0.9722553390807369,126,0.9608713723944647,126.0,0.9871859813105949
,,,,127.0,0.9727303409485742,127.0,0.9505444582890514,127,0.9584200389012834,127.0,0.9813065069874366
,,,,128.0,0.9587954570777144,128.0,0.9629158607954404,128,0.9522539080755703,128.0,0.9951267056530214
,,,,129.0,0.9658696557492613,129.0,0.9719430093327935,129,0.9474332652130109,129.0,0.982382078879998
,,,,130.0,0.9725157013981106,130.0,0.9550591783213693,130,0.9563739352987065,130.0,0.9822993236620015
,,,,131.0,0.9659102413521006,131.0,0.9502165537087166,131,0.9723951921148314,131.0,0.9851523023419314
,,,,132.0,0.9712029824370215,132.0,0.9558282006503006,132,0.9629945232770842,132.0,0.9763982129519352
,,,,133.0,0.972752188828469,133.0,0.9487418899216371,133,0.9643741635215881,133.0,0.9840655400118513
,,,,134.0,0.9806330365737148,134.0,0.9544339229402874,134,0.9661977784291269,134.0,0.984242544095074
,,,,135.0,0.9626487315247902,135.0,0.9607806332966992,135,0.9614183748158344,135.0,0.9841763086001132
,,,,136.0,0.9813546971290079,136.0,0.9458922702923307,136,0.9549480814272073,136.0,0.9832938690966914
,,,,137.0,0.9680947403323987,137.0,0.9697462653353053,137,0.9602343634680102,137.0,0.9882484058551612
,,,,138.0,0.965053980856882,138.0,0.9538052429700189,138,0.9565352297571773,138.0,0.9911197258260569
,,,,139.0,0.9682252691707431,139.0,0.9501465809907463,139,0.9544366921279366,139.0,0.9843689776506996
,,,,140.0,0.9625381644143665,140.0,0.942686406277622,140,0.9607550029013623,140.0,0.9822498367740303
,,,,141.0,0.9759065411710469,141.0,0.9499571091978375,141,0.9551798362664637,141.0,0.9792181725278787
,,,,142.0,0.9696450476383386,142.0,0.9373937105374845,142,0.956248806797916,142.0,0.9832992616187367
,,,,143.0,0.9657827144204714,143.0,0.9534735820690432,143,0.9564798478963029,143.0,0.9852381067334085
,,,,144.0,0.9720762420076293,144.0,0.9533194857413979,144,0.9536761711811798,144.0,0.9851530562012403
,,,,145.0,0.9759811055258792,145.0,0.9479717471011176,145,0.9594570224326054,145.0,0.9833334737918009
,,,,146.0,0.9650278575508627,146.0,0.9574017933205426,146,0.9583815063680129,146.0,0.9892340025421698
,,,,147.0,0.9775671145497898,147.0,0.9616561703691298,147,0.960686588563545,147.0,0.984315165736323
,,,,148.0,0.9661220667293581,148.0,0.9533000447740151,148,0.9591991312315185,148.0,0.9853358541911542
,,,,149.0,0.96346818780594,149.0,0.9490138389618571,149,0.9661224053078573,149.0,0.9862821038100231
,,,,150.0,0.9758675308735604,150.0,0.9533213623385065,150,0.9607477455328572,150.0,0.9772281784282723
,,,,151.0,0.9767083721192288,151.0,0.9455135333179367,151,0.9580372166822234,151.0,0.9851628876095189
,,,,152.0,0.9672921329251469,152.0,0.947817151303608,152,0.9588004480346215,152.0,0.9892167934178107
,,,,153.0,0.9690232815374473,153.0,0.9533392980899821,153,0.9550965035743264,153.0,0.995123688133302
,,,,154.0,0.9767394116455194,154.0,0.9537573258006671,154,0.9578464572901887,154.0,0.9822715412392425
,,,,155.0,0.9713122590707731,155.0,0.9457435909093485,155,0.9500230837180355,155.0,0.98330423287278
,,,,156.0,0.9642147430756947,156.0,0.9389410246937439,156,0.9561629765520396,156.0,0.9821407318824584
,,,,157.0,0.9556210626227464,157.0,0.9494623320373188,157,0.9589787862028003,157.0,0.9842975874865286
,,,,158.0,0.9626436478224208,158.0,0.9483549102571346,158,0.9682026301049317,158.0,0.9782703874693226
,,,,159.0,0.9673215517247074,159.0,0.9454175140636994,159,0.9564868158733107,159.0,0.9843384322067317
,,,,160.0,0.963392212312176,160.0,0.9456549334641429,160,0.950156631568861,160.0,0.9824033389619968
,,,,161.0,0.9735245588556122,161.0,0.9306871649433293,161,0.9507883103536625,161.0,0.9841950411709433
,,,,162.0,0.963354449294056,162.0,0.9398722096781121,162,0.9538938396386231,162.0,0.9852755976978737
,,,,163.0,0.970368721892769,163.0,0.9409461847660124,163,0.9530817164366391,163.0,0.9800587582291416
,,,,164.0,0.9697878083533161,164.0,0.9359242476424877,164,0.9507435114553542,164.0,0.9842825113605264
,,,,165.0,0.9581050928670606,165.0,0.9364282991890899,165,0.9539760461894394,165.0,0.984195206633785
,,,,166.0,0.9689059674746271,166.0,0.9336875196386117,166,0.9594038609274975,166.0,0.9872450274450811
,,,,167.0,0.9681167228430254,167.0,0.943703661958619,167,0.9585334981367974,167.0,0.9794673526669758
,,,,168.0,0.9737029409269452,168.0,0.9350954823149848,168,0.9546152062022659,168.0,0.9861654705106044
,,,,169.0,0.9720452193394835,169.0,0.9439389870709414,169,0.9521898825382257,169.0,0.9765234295132142
,,,,170.0,0.9648870199274017,170.0,0.9423868471464316,170,0.9474634458097541,170.0,0.9822423584925267
,,,,171.0,0.9750114785614397,171.0,0.9368558437652498,171,0.9600298810855812,171.0,0.9872687911086112
,,,,172.0,0.966716669131217,172.0,0.9348928929589657,172,0.9377391524146935,172.0,0.9832122770834191
,,,,173.0,0.9588579440745858,173.0,0.95426193795677,173,0.9448526774570695,173.0,0.9872250658109616
,,,,174.0,0.962640094187848,174.0,0.9287516016173478,174,0.9485723642004908,174.0,0.978316193713416
,,,,175.0,0.9548955306635807,175.0,0.9397516372023167,175,0.9495208519503421,175.0,0.9744095069773481
,,,,176.0,0.969676064607306,176.0,0.9288584969800253,176,0.9466827463933266,176.0,0.9803388345163938
,,,,177.0,0.9692011058212552,177.0,0.9388973253784605,177,0.9534945306693949,177.0,0.9861108242299701
,,,,178.0,0.9713725830651483,178.0,0.9245917820527212,178,0.9490884062135548,178.0,0.9882381174362418
,,,,179.0,0.964329355885358,179.0,0.9250635877540252,179,0.9590756239219562,179.0,0.9802941434906888
,,,,180.0,0.9602280090120108,180.0,0.9458900043800796,180,0.9539180342946623,180.0,0.9842385269829008
,,,,181.0,0.9727149915810823,181.0,0.9395365382483141,181,0.9524097515583583,181.0,0.9704350397803587
,,,,182.0,0.9635064045830616,182.0,0.938715263062202,182,0.9579761463432225,182.0,0.9782985062890193
,,,,183.0,0.9736446218920825,183.0,0.9348690406327779,183,0.9569291359300452,183.0,0.9862823970048779
,,,,184.0,0.9788529621172692,184.0,0.9433287304203872,184,0.9589329758779588,184.0,0.985348430824867
,,,,185.0,0.95644347557252,185.0,0.9077947200902559,185,0.9538175583955354,185.0,0.9813233531938382
,,,,186.0,0.9665788986411816,186.0,0.9390696037866213,186,0.9442416089909005,186.0,0.9725741774945976
,,,,187.0,0.9626761318801309,187.0,0.917439021568808,187,0.9551492964181572,187.0,0.9754990527748465
,,,,188.0,0.9564999721582481,188.0,0.9142642743402322,188,0.9503093622016533,188.0,0.9726017065926099
,,,,189.0,0.9537252736402672,189.0,0.9147885032684652,189,0.931166634960291,189.0,0.9784955057615384
,,,,190.0,0.9617932374660012,190.0,0.9368891526263203,190,0.9509116040140151,190.0,0.9742064183968894
,,,,191.0,0.9603495621365074,191.0,0.939769816538151,191,0.9501215447212448,191.0,0.9802980158745734
,,,,192.0,0.9607053176502355,192.0,0.9170622613846152,192,0.9519688239385212,192.0,0.9791706632256666
,,,,193.0,0.9580374365842382,193.0,0.913361354403795,193,0.9449353708247201,193.0,0.9743169966835875
,,,,194.0,0.9510906154042738,194.0,0.9269086890747651,194,0.954853162912597,194.0,0.9694111859916565
,,,,195.0,0.958664093312523,195.0,0.9268847340570638,195,0.9436682688417601,195.0,0.9803180161438733
,,,,196.0,0.96262808090468,196.0,0.9246590730058789,196,0.9526077791673074,196.0,0.9744219666184049
,,,,197.0,0.9571301159481661,197.0,0.9198925309236992,197,0.9512833724526962,197.0,0.9724817663223558
,,,,198.0,0.965021912951184,198.0,0.9232863271599656,198,0.9486367243386483,198.0,0.978310190744235
,,,,199.0,0.9558038281307569,199.0,0.9192397937819546,199,0.9557445221591343,199.0,0.9800993468929757
,,,,200.0,0.9604366599904434,200.0,0.9148193042883681,200,0.9558027173108898,200.0,0.9754084513196701
,,,,201.0,0.9642668970707978,201.0,0.9262653411858565,201,0.9596350426188354,201.0,0.9753543730737579
,,,,202.0,0.9649228688462155,202.0,0.9286275666337083,202,0.9515294433817362,202.0,0.9752327137698911
,,,,203.0,0.963310592077054,203.0,0.9366522400730447,203,0.9409875070843671,203.0,0.9772970290880583
,,,,204.0,0.9588397206646677,204.0,0.9144534949900958,204,0.9517630633377728,204.0,0.9762452003560226
,,,,205.0,0.9649310843032224,205.0,0.9336735944969057,205,0.9495839326747274,205.0,0.9553773425618117
,,,,206.0,0.9634016359146375,206.0,0.9186563382238234,206,0.9480807185526033,206.0,0.982413437103017
,,,,207.0,0.9642484182555157,207.0,0.9209312333161469,207,0.9448110024513113,207.0,0.9793332801184912
,,,,208.0,0.9588772876468882,208.0,0.9097454439779987,208,0.9491637934499043,208.0,0.9684015027610322
,,,,209.0,0.961213136627179,209.0,0.9057909252886525,209,0.9486487390239616,209.0,0.9743316067448754
,,,,210.0,0.9577586829394644,210.0,0.9230139992391788,210,0.9428861988171413,210.0,0.9813935173309964
,,,,211.0,0.9572926602186032,211.0,0.9362577872989634,211,0.9492130526165764,211.0,0.9772330789397422
,,,,212.0,0.9664805549244391,212.0,0.8943244966388929,212,0.9501514414577313,212.0,0.9763909176920381
,,,,213.0,0.9596899338519462,213.0,0.8904161467652524,213,0.9394862777273423,213.0,0.9754936949880564
,,,,214.0,0.9582333189136364,214.0,0.8995194598101545,214,0.9436382717489825,214.0,0.9770302533104229
,,,,215.0,0.9665267014383534,215.0,0.9083464249838651,215,0.9467913390273222,215.0,0.9693241996676597
,,,,216.0,0.9565712619068222,216.0,0.9092885140409677,216,0.9494604939131945,216.0,0.9833299467027413
,,,,217.0,0.956599245160791,217.0,0.9091612881086504,217,0.9390068552036854,217.0,0.97355766732316
,,,,218.0,0.9506007843316234,218.0,0.8918356778652937,218,0.9520011588229712,218.0,0.9616199309695007
,,,,219.0,0.9427147257704105,219.0,0.9272479904542107,219,0.953519397924456,219.0,0.9754720966017537
,,,,220.0,0.9573978824092291,220.0,0.8993713050886982,220,0.9557641155090418,220.0,0.9774936365278151
,,,,221.0,0.9526086529440335,221.0,0.9210659176142063,221,0.9517299394143687,221.0,0.973548152608678
,,,,222.0,0.9516303596143005,222.0,0.9210706738362828,222,0.9442629751506918,222.0,0.9702484725459628
,,,,223.0,0.9512884877483145,223.0,0.9171218258819672,223,0.9488242325680004,223.0,0.9734760541158772
,,,,224.0,0.9422961408601166,224.0,0.88972286991924,224,0.9459805225105923,224.0,0.9633096241438057
,,,,225.0,0.9519994716429856,225.0,0.9130771253459206,225,0.9446249587976515,225.0,0.9664202861484398
,,,,226.0,0.9470445283259908,226.0,0.9211490144872234,226,0.9505884138211641,226.0,0.9684297943369985
,,,,227.0,0.9536062813511882,227.0,0.9281805021377096,227,0.943269224818584,227.0,0.9745276994473088
,,,,228.0,0.9665639667731161,228.0,0.9242033910732372,228,0.9443966701932512,228.0,0.9703144187412611
,,,,229.0,0.955947274506216,229.0,0.9210685258444665,229,0.9549555366184174,229.0,0.9656646425620098
,,,,230.0,0.9442152622077262,,,230,0.9521744752539322,230.0,0.9724977965902284
,,,,231.0,0.9603264853221946,,,231,0.9499334452535344,231.0,0.9626933596639011
,,,,232.0,0.9461992799983572,,,232,0.9539132798713758,232.0,0.9811745089202288
,,,,233.0,0.9573479965648583,,,233,0.9543716360421894,233.0,0.9714070269593158
,,,,234.0,0.9486414288683512,,,234,0.9485183647137356,234.0,0.9705498456615956
,,,,235.0,0.9495064994698026,,,235,0.9425840780140435,235.0,0.9795293938915152
,,,,236.0,0.9525438836928214,,,236,0.9497597724341295,236.0,0.9736124309179249
,,,,237.0,0.9650921820015281,,,237,0.9503056690762147,237.0,0.9673038268833828
,,,,238.0,0.9402865124083546,,,238,0.9456832274352973,238.0,0.9724000597571573
,,,,239.0,0.9432395015835702,,,239,0.9489350988534149,239.0,0.9645879030347122
,,,,240.0,0.9510244696229628,,,240,0.9384305340363879,240.0,0.9667150408395994
,,,,241.0,0.9456685855427541,,,241,0.9380685578412927,241.0,0.9667293448193867
,,,,242.0,0.9469951529049455,,,242,0.9447853031554173,242.0,0.9685020663000116
,,,,243.0,0.9612180745555493,,,243,0.9569192623155274,243.0,0.9673897579896593
,,,,244.0,0.9533455929178061,,,244,0.9461242194062781,244.0,0.9685318245798492
,,,,245.0,0.9402176500654017,,,245,0.9589118128149077,245.0,0.9674951999049755
,,,,246.0,0.9378441260123408,,,246,0.9457551343807333,246.0,0.950920282289043
,,,,247.0,0.9431742134798943,,,247,0.9473423634318322,247.0,0.9635801875249149
,,,,248.0,0.9547417778299494,,,248,0.9446711337157705,248.0,0.9600157131155652
,,,,249.0,0.947893132552635,,,249,0.9328554925712018,249.0,0.9666418105551846
,,,,250.0,0.9573093222355379,,,250,0.951617228758246,250.0,0.9526016948006519
,,,,251.0,0.9502152414778577,,,251,0.9370909898603654,251.0,0.9665404333986994
,,,,252.0,0.9526607090342653,,,252,0.9483059162676966,252.0,0.9595145670937829
,,,,253.0,0.953443479848099,,,253,0.9425850273849049,253.0,0.9535571412620735
,,,,254.0,0.9465253139977824,,,254,0.9438468383768295,254.0,0.9650036043723084
,,,,255.0,0.9499113642038343,,,255,0.9446643662565417,255.0,0.9563470298356658
,,,,256.0,0.9526212924508454,,,256,0.9468307182541387,256.0,0.959712170714287
,,,,257.0,0.9596136417944717,,,257,0.9317463549313071,257.0,0.9657464704024279
,,,,258.0,0.9541275543465526,,,258,0.9525818593995741,258.0,0.9535324159498999
,,,,259.0,0.943998515474328,,,259,0.9466735658156317,259.0,0.9694142393443044
,,,,260.0,0.9525181995198487,,,260,0.9385972646548814,260.0,0.9721928777469376
,,,,261.0,0.9503284909125821,,,261,0.9478256969430034,261.0,0.9642215859430049
,,,,262.0,0.9604006760245495,,,262,0.9519858029021521,262.0,0.9559141497499474
,,,,263.0,0.9403696837940763,,,263,0.9441439218482527,263.0,0.9584242971411382
,,,,264.0,0.9456737216047495,,,264,0.9441572377244668,264.0,0.9636476109446349
,,,,265.0,0.9597376710547338,,,265,0.9392177955058469,265.0,0.9565850322265634
,,,,266.0,0.958649329038838,,,266,0.9396364645114368,266.0,0.9484591254351614
,,,,267.0,0.9412675456004965,,,267,0.93663798385526,267.0,0.9666733712721304
,,,,268.0,0.9420174224895864,,,268,0.9571003369145356,268.0,0.9508356401364106
,,,,269.0,0.9446786657949686,,,269,0.9430573048361379,269.0,0.9592808875714436
,,,,270.0,0.9424730342352189,,,270,0.9409486961574423,270.0,0.9587307819274138
,,,,271.0,0.9421844861963449,,,271,0.9457623218943517,,
,,,,272.0,0.9369630861891369,,,272,0.9474602851577509,,
,,,,273.0,0.9387552142341379,,,273,0.9444523932822811,,
,,,,274.0,0.9371209908367137,,,274,0.932964135667466,,
,,,,275.0,0.9566260290592782,,,275,0.9487239326362257,,
,,,,276.0,0.9466477750631571,,,276,0.9421176958022467,,
,,,,277.0,0.9409565938742035,,,277,0.9414585844328214,,
,,,,278.0,0.9408526085399183,,,278,0.9423523596394325,,
,,,,279.0,0.9589940363070886,,,279,0.9379567501675055,,
,,,,280.0,0.9486764777897253,,,280,0.9387996416140381,,
,,,,281.0,0.9391653855939494,,,281,0.9498338027317738,,
,,,,282.0,0.9477952101389294,,,282,0.948648094027961,,
,,,,283.0,0.9430412467455581,,,283,0.9366970973877196,,
,,,,284.0,0.943913837922598,,,284,0.9415068960277565,,
,,,,285.0,0.9436040569436808,,,285,0.9402348029317316,,
,,,,286.0,0.9469979058130763,,,286,0.9491852554500455,,
,,,,287.0,0.9516402038115651,,,287,0.9486022506284231,,
,,,,288.0,0.9343536243646562,,,288,0.9463457453730114,,
,,,,289.0,0.9409175139039094,,,289,0.9401770310780945,,
,,,,290.0,0.9415252271348149,,,290,0.9546736886222305,,
,,,,291.0,0.9450217524830954,,,291,0.9416654356169349,,
,,,,292.0,0.9384232738359923,,,292,0.943680829879437,,
,,,,293.0,0.9430468014220869,,,293,0.9462712027856621,,
,,,,294.0,0.9435676381682404,,,294,0.9437358824830496,,
,,,,295.0,0.9486865486069913,,,295,0.9371506005217224,,
,,,,296.0,0.9410040141648996,,,296,0.9446935837249526,,
,,,,297.0,0.9362187277939555,,,297,0.941952749256902,,
,,,,298.0,0.9247358914692537,,,298,0.9473346663398674,,
,,,,299.0,0.9346355288376826,,,299,0.9506071686440081,,
,,,,300.0,0.9447343743280462,,,300,0.9517935067684159,,
,,,,301.0,0.9345894062405206,,,301,0.9466528069465229,,
,,,,302.0,0.9470773173315247,,,302,0.9405669777685083,,
,,,,303.0,0.9313881086440594,,,303,0.9515028345054931,,
,,,,304.0,0.9519254920659128,,,304,0.9426545331799383,,
,,,,305.0,0.9332073992554352,,,305,0.9376257176160077,,
,,,,306.0,0.9418204386429405,,,306,0.9361542530892804,,
,,,,307.0,0.9289744396888766,,,307,0.933176583739155,,
,,,,308.0,0.9501905339740413,,,308,0.9464585805969458,,
,,,,309.0,0.9358003457333173,,,309,0.9359808398012168,,
,,,,310.0,0.930363892693478,,,310,0.9412649499927555,,
,,,,311.0,0.9399135560399633,,,311,0.9416395245847083,,
,,,,312.0,0.9421975877775447,,,312,0.9417130215172428,,
,,,,313.0,0.9280295958325858,,,313,0.9470414538395051,,
,,,,314.0,0.9323575925411978,,,314,0.9473030410568387,,
,,,,315.0,0.9478076490115568,,,315,0.9481166158629899,,
,,,,316.0,0.9324871879203553,,,316,0.9440818748345489,,
,,,,317.0,0.9387478263582542,,,317,0.9415559122146657,,
,,,,318.0,0.9320667896507947,,,318,0.9474345298785849,,
,,,,319.0,0.9405813803085897,,,319,0.9387048661121733,,
,,,,320.0,0.9362585587792516,,,320,0.9281341332240599,,
,,,,321.0,0.9228597201560952,,,321,0.9452511516389834,,
,,,,322.0,0.9347375360519025,,,322,0.9189028019397377,,
,,,,323.0,0.9258302054736267,,,323,0.9411332869913971,,
,,,,324.0,0.9333079035113826,,,324,0.945367990688598,,
,,,,325.0,0.9370290212787329,,,325,0.9407575541946737,,
,,,,326.0,0.9218979105246197,,,326,0.928672736919771,,
,,,,327.0,0.9291317634797306,,,327,0.9455735349026672,,
,,,,328.0,0.9424656789822536,,,328,0.9399088961522172,,
,,,,329.0,0.9257595611044792,,,329,0.928139347770297,,
,,,,330.0,0.9419157071171126,,,330,0.9344126491213245,,
,,,,331.0,0.9369806219076763,,,331,0.9413695895715664,,
,,,,332.0,0.935303495127801,,,332,0.9333529093292627,,
,,,,333.0,0.9322652014135727,,,333,0.9336436237764758,,
,,,,334.0,0.9221001615376507,,,334,0.9478340984247745,,
,,,,335.0,0.9450786657409522,,,335,0.9386229855474724,,
,,,,336.0,0.9350325024067315,,,336,0.9306752904109195,,
,,,,337.0,0.9271151073833908,,,337,0.9396832128752503,,
,,,,338.0,0.9297399958907475,,,338,0.929164775057917,,
,,,,339.0,0.935593448032357,,,339,0.9280408371753129,,
,,,,340.0,0.9246765268896272,,,340,0.9370876786562466,,
,,,,,,,,341,0.9445027705128795,,
,,,,,,,,342,0.9385913463120995,,
,,,,,,,,343,0.935529616044128,,
,,,,,,,,344,0.9469216093204609,,
,,,,,,,,345,0.9380940053984184,,
,,,,,,,,346,0.9463637408272538,,
,,,,,,,,347,0.9343229790690839,,
,,,,,,,,348,0.9257750585817923,,
,,,,,,,,349,0.9260938408991789,,
,,,,,,,,350,0.9336142775636358,,
,,,,,,,,351,0.9382186987241682,,
,,,,,,,,352,0.9355555001072319,,
,,,,,,,,353,0.9323010394655148,,
,,,,,,,,354,0.9409427326065816,,
,,,,,,,,355,0.942955639428252,,
,,,,,,,,356,0.9329673742822199,,
,,,,,,,,357,0.9311799776481472,,
,,,,,,,,358,0.944860383730412,,
,,,,,,,,359,0.9408093916714804,,
,,,,,,,,360,0.9228068190472304,,
,,,,,,,,361,0.9347649434626559,,
,,,,,,,,362,0.9332583063371934,,
,,,,,,,,363,0.9365309104648878,,
,,,,,,,,364,0.9418112399718865,,
,,,,,,,,365,0.930148787621995,,
,,,,,,,,366,0.9418188037844107,,
,,,,,,,,367,0.9352699714444724,,
,,,,,,,,368,0.9368823911067247,,
,,,,,,,,369,0.9308453764904344,,
,,,,,,,,370,0.9374117186459427,,
,,,,,,,,371,0.9364563466191836,,
,,,,,,,,372,0.9360881311820303,,
,,,,,,,,373,0.9408162734285204,,
,,,,,,,,374,0.9326872120864784,,
,,,,,,,,375,0.9335965299789579,,
,,,,,,,,376,0.9357577440530266,,
,,,,,,,,377,0.9411605415313045,,
,,,,,,,,378,0.9371534286684489,,
,,,,,,,,379,0.9313514167689588,,
,,,,,,,,380,0.9373667644683606,,
,,,,,,,,381,0.9351715728865768,,
,,,,,,,,382,0.9301000370217394,,
,,,,,,,,383,0.9383393718428324,,
,,,,,,,,384,0.9374506164178064,,
,,,,,,,,385,0.9308150060449463,,
,,,,,,,,386,0.9439667352851578,,
,,,,,,,,387,0.9305698023616127,,
,,,,,,,,388,0.9375963392005405,,
