2;0.0694;333.6153;30.0217;0.1165;386.5698;22.4002;0.7202;417.7311;19.5363;0.2386;459.6784;20.9893;0.0977;486.4921;18.5100;0.0960;530.1231;16.0262;0.1011;562.0950;15.8709;1.0042;618.5606;23.4884;-0.0573;638.4667;32.5613;0.2957;660.3335;26.8223;0.6406;723.4351;16.3774;0.5014;751.3230;24.4300;0.2550;790.4128;25.6679;0.1823;826.5051;25.6089;0.2363;865.1330;8.2798;0.1993;904.2458;21.3560;0.1948;945.4469;10.8316;0.5562;986.4572;32.9498;0.2435;1021.4489;30.6534;1.0025;1068.5017;4.5147;1.5301;1095.6688;26.3729;1.1130;1133.5102;34.7735;1.5274;1179.9831;22.9417;0.5786;1218.2118;19.7873;0.2112;1248.0891;12.0276;0.0154;1290.1735;20.9019;0.3066;1312.3664;26.1430;0.1019;1354.6878;25.2175;0.1213;1402.6250;24.9981;0.0926;1435.6056;26.5884;0.0242;1472.7270;21.2832;0.6412;1524.2067;27.8714;0.7369;1555.8887;25.2244;0.0666;1599.5305;22.8234;0.0323;1630.3823;21.5788;0.7614;1661.5506;26.9209;0.4307;1695.9573;17.2606;0.1086;1744.1539;24.7724
2;0.0809;332.8150;28.1499;0.1177;379.0848;22.5961;0.4861;417.0735;18.2999;0.1948;456.3646;19.8233;0.0881;489.5255;19.4389;0.1221;526.1606;20.5226;0.1094;563.5708;13.3026;0.5393;615.0380;22.4344;0.1842;637.1544;29.9574;0.1492;671.6894;18.2754;0.5211;725.0894;18.2770;0.3826;757.7593;29.5368;0.1051;791.5404;27.8912;0.1707;823.4226;25.1623;0.2049;864.2180;9.7765;0.1770;902.5574;18.0360;0.2295;943.5833;4.4068;0.4895;985.7866;33.9655;0.2610;1020.9035;33.3247;0.7560;1069.0752;4.8740;1.6850;1094.1763;24.4636;1.2814;1133.6747;31.4494;1.4826;1177.9543;21.6445;0.6919;1213.0543;24.7056;0.2360;1247.7024;9.3492;0.1161;1286.9289;23.6139;0.2731;1313.7646;17.8732;0.1062;1360.5455;28.8869;0.1280;1405.0699;24.0565;0.1605;1439.4223;26.7614;0.1025;1474.7586;8.2635;0.6826;1519.5508;29.3795;0.8827;1553.0104;27.5352;0.0960;1592.3017;27.2221;-0.2435;1630.1057;16.4537;0.8010;1657.5102;33.7054;0.3047;1695.3874;17.9322;0.0792;1760.7867;40.9532
2;0.0817;330.6137;29.6939;0.1359;386.2373;16.3076;0.6012;418.2487;18.4914;0.2443;458.3392;18.8967;0.1589;490.1143;14.3444;0.1265;526.5449;13.6150;0.0673;559.5932;19.5815;0.7916;619.2129;24.1315;-0.0628;635.5115;29.5379;0.2339;665.8852;28.1225;0.6375;724.7853;15.3480;0.4314;753.3014;22.3168;0.2135;790.5281;23.5594;0.1727;821.6735;14.3636;0.1660;866.3391;17.0991;0.1194;907.1054;20.9034;0.1435;949.1932;12.9462;0.4918;985.7068;29.5015;0.3045;1018.6027;24.7560;0.8454;1068.2626;3.0816;1.5434;1094.1114;25.7985;1.2088;1132.3621;31.0919;1.6589;1178.7019;22.1349;0.6875;1216.4034;20.2826;0.2906;1250.5874;11.1140;0.1818;1286.6675;17.6762;0.2961;1317.1827;15.7647;0.0938;1359.6235;21.5519;0.1409;1400.1480;18.3631;0.1629;1435.4983;23.7638;0.0537;1473.7230;22.2513;0.4412;1518.9489;29.9745;1.0278;1549.1296;33.5056;-0.0391;1587.9612;24.9924;0.1100;1624.7773;25.3697;0.8956;1656.5361;20.2458;0.7549;1689.0116;22.5481;0.1356;1746.1256;40.6386
2;0.0567;322.1548;31.2042;0.0485;376.5215;19.7568;0.0974;411.9435;23.0228;0.0431;453.9433;20.4968;0.0475;489.0490;22.4868;0.0687;529.7003;17.7618;0.0487;563.2208;14.3925;0.2646;606.0248;17.6229;0.0644;642.1528;25.5649;0.0718;671.3547;19.1327;0.4390;718.6113;14.8688;0.0428;749.5320;21.5841;0.0321;789.9035;20.7253;0.0726;823.4095;21.4786;0.0623;867.1248;15.3286;0.0701;906.5093;17.0560;0.0976;941.7540;17.0631;0.4907;990.1607;28.3599;0.1741;1012.4340;25.3036;-0.0034;1059.7042;16.3160;1.6624;1096.6827;26.4168;0.8741;1135.3622;35.6755;1.2930;1180.6106;26.4187;0.3310;1210.3659;28.0074;0.0538;1255.8650;7.7082;0.2342;1297.7729;20.4488;0.1354;1310.6107;19.6889;0.0279;1357.8407;24.6962;0.0647;1392.1587;20.8732;0.1217;1431.5679;11.6125;0.0682;1461.8378;14.9549;0.3105;1523.4785;27.3943;0.8794;1540.2961;32.4421;-0.0131;1587.1621;20.5322;0.1215;1626.8968;18.8967;0.7032;1652.3406;16.4950;0.9626;1681.9169;28.5203;0.0550;1745.8435;34.3943
2;0.0541;333.6242;28.9029;0.0443;378.0819;22.0951;0.1036;410.5532;26.8124;0.0821;456.6856;23.5619;0.0496;491.4177;26.3125;0.1079;530.8737;10.4727;0.0600;559.5063;17.3491;0.2261;603.7735;16.4022;0.0844;634.1465;22.5378;0.0968;673.9124;19.0312;0.4925;719.6650;14.2790;0.0622;752.3926;13.7869;0.0585;793.9758;21.9698;0.0685;824.2740;21.7470;0.0530;864.8756;21.8955;0.0759;906.1941;22.4538;0.0908;937.6352;13.9464;0.5257;993.3419;31.4508;0.0446;1011.5484;26.6619;-0.0165;1061.4226;17.1115;1.6087;1095.1453;25.8257;0.7684;1128.0810;33.6411;1.3045;1179.1382;26.6847;0.3305;1212.9537;27.5964;0.0694;1255.1834;11.4655;0.1934;1290.6138;17.1768;0.2545;1311.5985;16.0035;0.0607;1355.8368;27.0422;0.0897;1386.7009;14.5451;0.1525;1430.1399;15.1561;0.0921;1462.6952;15.4179;0.2587;1515.3790;24.8295;0.9192;1540.6227;28.0068;0.1235;1582.1578;23.7011;0.1955;1635.1286;19.4381;0.8136;1654.5375;14.7309;0.9305;1683.3013;25.8815;0.0753;1748.5629;37.7726
2;0.0699;325.4216;34.2962;0.0848;379.5648;16.3462;0.1241;415.5387;20.6346;0.0634;455.6640;18.6219;0.0874;490.4448;28.7137;0.1762;533.1233;8.9702;0.0691;562.8047;11.0748;0.2236;606.4648;18.7214;0.0703;647.1414;22.4812;0.0872;678.3093;18.8418;0.4519;720.8671;15.1099;0.0862;751.7609;10.2459;0.0874;789.4460;24.1913;0.0728;822.2185;21.9887;0.0618;863.9973;23.1351;0.0926;902.7162;23.4619;0.0982;938.1256;19.7738;0.4359;987.7301;28.2094;0.2382;1014.0761;25.8550;-0.1915;1066.1456;19.5244;1.6222;1093.5318;28.3398;0.7558;1127.7173;35.4310;1.4402;1180.4375;26.9612;0.3037;1219.3580;22.1199;0.1110;1257.5776;10.6495;0.2840;1289.7878;15.4420;0.3098;1312.8596;12.6277;0.0835;1360.2723;33.1447;0.1088;1385.2841;19.7297;0.1437;1429.7425;18.9412;0.0844;1468.1635;16.3188;0.3390;1515.6013;22.7114;0.8981;1542.8920;27.2073;0.0924;1582.2168;24.3615;0.1994;1636.1206;13.3102;1.0093;1657.1613;16.8126;0.8202;1688.8637;19.7380;0.0919;1743.8664;33.0529
2;0.0693;325.2015;32.3000;0.0447;378.5768;18.0241;0.0610;417.0483;23.1473;0.0604;450.2943;23.2149;0.0757;495.3742;27.0309;0.1573;533.7059;9.2382;0.0807;560.7438;13.9972;0.2162;605.8548;15.3647;0.0867;643.3298;27.8222;0.0515;674.6205;22.1443;0.4841;720.9660;14.1485;0.0631;757.4413;16.7154;0.0772;790.0904;21.6308;0.0798;825.1847;20.0612;0.0650;865.4809;19.9472;0.0503;908.9293;16.2810;0.0939;941.2063;14.1405;0.4941;990.5884;27.7717;0.1589;1020.6743;23.4584;-0.0433;1061.1277;21.3711;1.4901;1092.7541;23.1329;0.9833;1121.4855;32.7560;1.4056;1179.2458;27.2595;0.2724;1215.2550;20.8218;0.0843;1252.6602;7.4842;0.1837;1291.7473;20.9803;0.2466;1310.6556;16.6506;0.0492;1354.9824;27.3546;0.1618;1391.8582;27.6071;0.1544;1433.5865;13.7320;0.1087;1463.2750;14.4304;0.2561;1514.6122;28.9223;0.9419;1542.4686;29.4822;0.0737;1594.5752;26.6436;0.5501;1642.5881;14.3290;0.7317;1659.3716;9.6427;0.9325;1682.9042;25.4718;0.0682;1748.8386;33.0094
2;0.0593;336.8087;18.8610;0.0472;376.1045;16.5584;0.0546;414.7345;17.2838;0.0454;451.5066;17.3369;0.0507;489.3102;16.3261;0.0810;530.0616;16.0881;0.0295;562.7893;15.3507;0.2464;606.1166;16.9665;0.0500;640.6591;18.3688;0.2092;682.0710;18.1927;1.2167;718.5920;13.6045;0.0598;751.5988;18.6264;0.0560;790.8951;19.5486;0.0554;826.1987;17.6566;0.0750;867.4802;16.1593;0.0317;905.4648;15.8136;0.0938;944.9346;16.9313;0.3944;988.7679;25.4383;0.2818;1008.0101;20.7838;-0.0111;1060.3382;16.7338;1.7131;1092.6543;22.0836;0.8218;1124.9575;27.6899;1.1049;1178.8837;24.8980;0.3986;1210.3826;25.5583;0.0208;1247.8197;16.1896;0.2284;1295.1843;20.8057;0.2276;1310.1588;17.0511;0.0416;1363.5813;19.8777;0.0949;1394.6361;23.0153;0.0869;1435.8176;12.8328;0.0488;1472.7655;15.2836;0.2712;1519.0523;24.9129;0.8167;1541.7901;27.0475;0.0561;1585.3459;18.8791;0.0002;1628.8238;17.4773;0.9665;1658.5874;23.7166;0.5940;1691.6856;19.8387;0.0699;1742.8694;22.1454
2;0.0949;334.3462;24.0806;0.1199;376.3707;19.8202;0.1394;412.5924;19.9746;0.1270;448.0837;17.7569;0.1243;490.5247;23.9441;0.3441;533.0415;6.3800;0.1078;564.8428;18.0236;0.2402;605.2887;15.9878;0.0778;642.3254;18.5794;0.2136;685.2020;22.4948;1.0581;720.8726;13.7475;0.0937;752.6105;14.7267;0.0728;792.3306;19.6830;0.1165;827.6113;22.4194;0.1009;864.6666;21.6242;0.1180;905.8471;21.2647;0.1281;940.1023;18.6372;0.4265;985.5237;24.9289;0.3251;1014.4159;24.8409;0.0330;1056.6372;16.5044;1.4606;1090.9324;21.9531;0.7163;1124.0453;28.3959;0.8892;1179.5106;24.2753;0.3125;1208.2643;25.4879;0.0634;1248.3435;17.3686;0.2406;1295.7899;20.2031;0.1560;1310.9633;15.4651;0.0745;1365.5930;23.2533;0.1577;1388.8281;22.4708;0.2371;1433.8415;11.1390;0.1013;1467.8582;18.5566;0.3296;1514.0957;21.7919;0.8055;1541.6719;22.4366;0.1784;1580.8902;20.9283;0.3091;1637.0537;13.8451;1.1030;1656.8724;9.4227;0.7610;1679.3672;26.7373;0.1023;1743.0256;21.6602
2;0.1208;331.4713;26.2353;0.0842;381.8138;16.2006;0.0588;411.1249;18.7309;0.0944;448.8119;16.8081;0.1037;490.6019;21.7941;0.2286;531.6196;11.4920;0.0881;562.8565;15.4866;0.2846;603.9920;15.9432;0.1274;639.5540;21.0517;0.2370;682.2715;23.0482;1.1591;719.9979;13.3870;0.1118;750.1306;15.2203;0.0569;790.0923;19.8902;0.0985;824.8030;19.9540;0.0805;866.2361;18.3816;0.0921;907.9472;16.8104;0.1321;938.8989;17.2988;0.4802;987.7588;27.9706;0.2712;1014.2161;26.3565;0.0440;1056.1354;16.8085;1.5635;1091.2126;21.0886;0.8398;1121.9834;28.6817;1.0061;1178.8153;25.7500;0.3999;1211.7135;25.8149;0.0840;1252.0323;15.9022;0.2241;1293.3910;22.2798;0.2160;1312.1492;21.9315;0.0815;1360.0682;23.6441;0.2074;1388.5914;18.7179;0.2297;1431.3991;13.3606;0.1402;1473.5935;21.0769;0.3760;1519.6963;22.4651;0.7929;1543.3849;25.8567;0.1818;1588.3091;21.0012;0.2630;1634.3009;16.9901;1.0653;1656.5426;11.4746;0.8837;1683.0836;25.2437;0.1563;1743.8077;26.1722
2;0.1184;333.5544;26.5513;0.0970;377.2091;20.5256;0.1040;409.6282;21.3377;0.0599;441.9471;12.0860;0.1407;484.2817;36.7176;0.4943;532.4018;3.9177;0.1188;556.4347;28.8095;0.2356;606.9332;19.5838;0.0949;640.3083;10.4775;0.1972;684.1402;29.3762;0.9024;721.9326;13.2391;0.1007;750.9105;8.0113;0.0915;784.3303;30.5049;0.0809;821.6400;21.3562;0.1087;861.7881;19.6111;0.1079;902.1197;17.3394;0.1112;937.4867;14.3285;0.3345;988.2581;29.5321;0.2395;1012.4244;24.7108;0.1009;1058.3065;11.0003;0.6516;1087.3851;14.9940;0.9975;1106.1520;32.9327;0.7002;1177.6356;27.0375;0.3336;1209.0589;29.3325;0.0284;1256.8599;21.5436;0.1854;1291.4413;23.4733;0.1785;1313.5661;18.0437;0.0560;1361.6576;34.8567;0.2057;1381.5440;14.2902;0.3113;1431.8024;6.3081;0.1877;1462.4937;19.1813;0.4243;1511.6759;19.8129;0.6814;1540.3474;17.9780;0.2250;1581.2015;34.6184;0.2012;1655.5288;30.0109;1.4020;1657.5022;3.4621;0.5435;1675.1061;38.3762;0.0983;1748.6840;23.4868
2;0.1102;336.2583;41.9455;0.0306;378.6959;12.0086;0.1141;409.8757;25.6782;0.0877;447.1725;23.1050;0.0826;495.6046;30.1638;0.2273;532.3638;5.0576;0.0861;558.4219;19.0838;0.2243;601.9151;16.8763;0.1002;636.9110;28.4911;0.1231;677.9864;31.6372;0.5054;721.7372;14.5911;0.0804;751.9881;14.3961;0.0849;790.5458;27.7093;0.1247;827.4480;25.3405;0.0692;865.2872;20.4657;0.0875;901.6356;20.3643;0.1153;945.2066;18.8119;0.4668;992.0013;27.7370;0.1467;1015.8231;28.8556;-0.0089;1059.8371;15.6744;1.3826;1093.2178;23.3426;0.9042;1127.0434;39.3730;1.1555;1182.2629;23.3858;0.3693;1217.6920;19.3757;0.1670;1253.0273;13.4400;0.2531;1292.4896;18.5400;0.1942;1312.1836;14.3777;0.0743;1355.4225;28.8285;0.1236;1392.2344;23.9782;0.1949;1433.1220;9.9405;0.1023;1464.5940;23.3518;0.2517;1507.9407;17.1506;0.9530;1538.6250;24.0026;0.1722;1577.1717;25.2590;0.1798;1644.6732;26.3267;0.2723;1656.8228;5.4863;0.9841;1674.5144;36.6078;0.0749;1759.8460;38.2060
2;0.0808;329.6394;30.6733;0.1163;378.6606;17.9744;0.0993;413.6926;19.0210;0.0742;453.0551;19.9424;0.1180;499.4850;27.2615;0.1642;533.6613;7.9472;0.0672;564.3702;21.6776;0.2565;604.8118;16.3057;0.0773;641.7333;23.0108;0.1524;676.5799;28.1043;0.5349;721.1634;13.4894;0.1020;751.3768;17.0782;0.0874;789.0677;29.0142;0.0898;824.5565;24.1495;0.0823;863.4990;17.3699;0.0737;899.4088;17.7992;0.1060;936.1249;26.0778;0.4773;988.0281;27.9466;0.2332;1017.6231;29.2893;0.1030;1054.7359;9.5939;1.0996;1090.2180;21.1797;1.2874;1112.9756;31.7527;1.3571;1178.8061;29.7018;0.2175;1218.3824;23.3125;0.0598;1252.9603;9.7534;0.2292;1291.4059;16.8947;0.2017;1311.7914;12.8617;0.0981;1366.2647;32.2164;0.0670;1391.7352;27.7668;0.2019;1432.4742;7.4345;0.1005;1464.4263;18.8808;0.3462;1516.9500;30.3570;0.8374;1540.9909;27.2785;0.2153;1582.3003;25.0666;0.3086;1640.5141;22.8126;0.5298;1654.9969;11.2809;0.9036;1679.9240;29.4382;0.1092;1740.3035;36.4187
2;0.1270;320.0542;40.8621;0.1087;381.0171;22.8894;0.1253;414.6338;20.4140;0.0938;448.7657;21.7957;0.1141;493.9197;31.3836;0.2058;532.6342;6.5781;0.0942;562.7371;23.5761;0.2608;608.2510;17.3737;0.0457;644.9318;23.3774;0.1170;672.8737;28.4882;0.5369;721.7696;15.0099;0.1002;749.2560;5.3841;0.1049;792.5720;26.9809;0.1185;824.2107;17.6499;0.1084;866.7936;26.5623;0.1214;911.0542;18.9877;0.1394;940.6687;13.1831;0.4359;985.7380;32.3474;0.2617;1013.8770;35.7119;-0.0437;1059.6691;19.5186;1.7141;1095.7073;27.0063;0.7563;1136.5688;39.9631;1.1892;1183.5434;25.0575;0.3282;1218.8439;19.5460;0.1336;1250.0083;9.2879;0.2027;1286.0530;16.5404;0.2462;1311.2958;15.0945;0.0844;1354.1771;34.9931;0.1647;1386.8046;17.0492;0.1843;1432.0579;12.9998;0.0977;1463.4543;23.4668;0.3328;1518.3982;25.9066;0.8596;1541.2744;27.1601;0.1255;1583.1290;24.8166;0.2021;1646.1351;26.0310;0.4845;1657.0594;3.6359;0.8984;1675.0340;34.2419;0.0964;1759.1323;34.8072
2;0.0514;335.9127;27.0615;0.0558;381.3647;18.7166;0.0610;417.7547;21.5647;0.0586;450.1915;22.9678;0.0539;490.2590;22.6264;0.0766;533.5515;15.1916;0.0222;563.2686;17.6024;0.2329;604.8208;18.1287;0.0528;649.7112;19.0787;0.1383;681.9406;20.4210;0.6658;717.9117;12.9516;0.0890;742.2054;22.3734;0.0492;785.6050;19.5046;0.1028;822.9552;20.6952;0.0432;864.3841;20.4480;0.0462;905.7541;13.3913;0.1120;933.4240;16.7446;0.3834;985.2937;32.5590;0.3064;1007.0394;25.9435;0.0725;1052.4012;20.0571;1.3107;1092.0054;22.4858;1.0935;1118.1811;33.5510;1.2437;1179.9874;27.9838;0.2709;1215.2621;26.0956;0.0315;1252.9700;9.4510;0.1789;1292.9867;16.7878;0.2470;1311.2706;15.1379;0.0528;1369.4847;23.9052;0.0522;1391.9011;26.0656;0.0834;1430.7223;20.9582;0.0921;1475.6084;20.6970;0.4430;1516.9052;22.5764;0.8503;1542.3565;22.2915;0.2210;1575.6620;18.3105;0.1293;1622.5524;27.8526;0.6972;1652.9073;19.1231;0.7879;1684.1422;26.2455;0.0604;1744.6371;31.9865
2;0.0674;328.0512;32.1494;0.0650;380.5982;20.2745;0.0923;416.7333;22.1943;0.0725;451.9885;20.7270;0.0654;487.9365;20.7901;0.0661;527.9701;19.7254;0.0640;561.5529;19.3928;0.2302;605.0003;17.1846;0.0551;643.4247;22.6874;0.1417;680.6123;26.4385;0.7056;718.1333;13.4661;0.0735;748.6614;20.1711;0.0585;794.0295;19.1139;0.0734;829.8748;22.9441;0.0480;868.0932;24.0342;0.0478;905.5143;19.1115;0.0850;939.0434;15.7781;0.4132;985.8325;28.1294;0.2826;1010.6846;26.2221;0.0563;1058.2795;13.2200;0.9537;1090.9190;18.7754;1.3373;1111.5458;34.8126;1.2524;1179.9063;29.0794;0.2208;1215.9805;26.7969;0.0037;1249.8795;11.8697;0.1568;1294.4307;23.2487;0.2312;1309.1867;17.2877;0.0505;1354.3533;25.0857;0.0644;1390.8898;19.5003;0.0745;1432.0512;17.7652;0.0704;1465.8960;16.9592;0.2353;1517.5021;34.0081;0.8201;1539.3926;27.7351;0.1663;1584.6393;27.5748;0.1189;1627.9799;17.4922;0.7793;1655.5103;20.2440;0.7476;1686.1640;22.1941;0.0882;1743.7178;36.5973
2;0.1345;326.8645;26.0403;0.1122;376.9239;17.4711;0.1025;416.8881;17.4540;0.0961;451.9820;19.1541;0.1042;489.7594;20.7866;0.2040;532.0696;13.1877;0.0599;564.2338;14.8089;0.2560;605.1515;19.4177;0.0886;642.5917;19.6812;0.1951;682.5685;22.8845;0.8155;720.8211;13.2093;0.1108;753.2913;18.3236;0.0665;791.4650;21.8651;0.1198;821.6971;19.7553;0.0826;866.0396;20.0702;0.0642;905.7629;19.2690;0.1029;936.6829;17.8340;0.4563;984.5848;26.6340;0.3192;1013.0379;25.4375;0.0150;1057.9452;19.4131;1.7852;1093.3950;23.4387;0.8232;1126.0459;26.7066;1.1811;1177.9674;25.9987;0.3732;1212.1704;24.3669;0.0339;1250.5870;16.4470;0.2240;1297.7642;19.1611;0.1358;1314.2636;22.0363;0.0763;1362.1556;23.3488;0.1325;1392.2435;22.7073;0.1660;1433.5946;15.6321;0.0766;1470.7334;20.2589;0.3995;1516.3160;26.0588;0.8962;1543.0158;25.4997;0.1979;1583.8327;20.4869;0.2458;1628.4205;17.1634;1.0784;1655.9383;14.2658;0.9120;1684.0837;23.8136;0.1269;1742.6855;24.6060
2;0.0361;333.6661;24.8991;0.0499;379.0576;20.5833;0.0575;413.5354;22.3914;0.0565;451.2531;20.6379;0.0462;491.4113;21.2035;0.0713;530.6042;21.0079;0.0450;564.1654;20.1359;0.2096;604.6709;17.7461;0.0423;644.1176;21.0754;0.1434;681.4014;24.8246;0.7014;718.9612;12.8020;0.0694;746.2517;22.1013;0.0449;788.3691;20.7225;0.0695;822.3235;18.8789;0.0401;867.0808;21.0380;0.0364;904.8217;20.6597;0.0776;940.5333;22.3176;0.4235;991.4622;29.3485;0.1776;1011.7198;31.8167;0.0039;1058.1134;19.5486;1.3922;1092.0717;22.1690;0.9825;1119.6679;35.1973;1.1260;1180.0232;26.4939;0.3322;1212.7228;26.2449;0.0534;1254.6633;18.3570;0.1850;1293.8440;19.0656;0.2094;1311.5037;16.6726;0.0233;1360.6314;22.5997;0.0984;1387.4532;22.6622;0.0950;1432.4172;17.7649;0.0741;1472.2279;14.7844;0.3126;1521.3871;28.5673;0.7082;1542.6316;29.1112;0.0961;1583.8591;19.7120;0.1846;1630.8364;18.7284;0.7051;1654.6031;15.2786;0.8111;1682.4209;24.8477;0.0619;1737.9440;28.6941
2;0.0478;326.7493;29.2491;0.0401;377.9350;18.0424;0.0578;413.4629;23.3312;0.0594;449.2586;23.9915;0.0504;488.9245;21.6018;0.0796;531.0162;12.0337;0.0332;564.8450;15.0888;0.2405;604.9133;15.7403;0.0416;641.0094;21.4052;0.1373;678.1363;21.0313;0.6506;718.2878;13.6842;0.0800;745.0635;23.0579;0.0316;792.7971;23.3805;0.0793;823.6092;22.4919;0.0541;864.7624;20.5945;0.0497;908.3355;20.8728;0.0908;942.5105;15.7386;0.4451;992.4483;28.6199;0.1573;1011.4772;33.6174;-0.0498;1063.0109;17.2469;1.4811;1093.1165;23.9187;0.8606;1126.2540;40.1554;1.0987;1181.6467;23.9790;0.3459;1214.3107;24.9847;0.0071;1249.6525;14.8627;0.2197;1295.1960;18.1921;0.1333;1313.4695;19.0741;0.0554;1366.0799;26.4795;0.0527;1389.1589;21.9762;0.0735;1434.1475;18.2488;0.0620;1476.2054;19.9574;0.4444;1519.7158;23.4139;0.7517;1544.5717;23.2509;0.1603;1581.3852;23.4659;0.1660;1631.8707;18.4539;0.7416;1654.4302;16.0841;0.8304;1683.6999;23.9759;0.0565;1736.4257;30.2148
2;0.0427;334.1101;25.1077;0.0459;379.3689;20.2800;0.0740;416.8547;20.8955;0.0458;454.0847;19.8983;0.0419;486.9662;22.3091;0.0584;531.8263;19.3035;0.0246;564.9253;16.9083;0.2000;605.1839;16.9668;0.0330;644.7610;21.2773;0.1317;678.7806;22.2084;0.6677;717.8242;13.5896;0.0686;748.0218;26.0604;0.0413;793.0739;24.5040;0.0696;818.0752;17.3734;0.0456;871.9089;21.4359;0.0243;907.7920;20.3287;0.0741;941.0433;21.5687;0.4002;989.9170;30.8889;0.2233;1008.4271;27.9717;0.0557;1052.2417;16.8017;1.4748;1092.9311;23.1554;0.9718;1121.7347;33.5396;1.2226;1178.7568;27.2113;0.3469;1213.6071;25.5090;0.0450;1252.7231;12.5387;0.2085;1294.6911;19.1285;0.1970;1311.1032;14.3604;0.0455;1360.4963;23.7111;0.0470;1394.3651;23.9828;0.0612;1433.8650;17.8701;0.0304;1468.2165;16.8638;0.2792;1515.5350;30.2122;0.8437;1540.3524;25.0007;0.1746;1577.6972;20.9717;0.1276;1624.9253;23.1457;0.7935;1654.6781;19.2021;0.7673;1686.3620;22.3159;0.0584;1742.8896;32.2355
2;0.0922;335.4782;29.7121;0.0647;380.1045;18.1923;0.0839;414.4742;22.7173;0.0730;449.1467;22.6386;0.0678;490.1070;26.3618;0.1567;532.5981;8.0180;0.0779;563.2720;17.9981;0.2891;605.6386;19.6317;0.0969;643.1914;20.3433;0.2169;679.1514;24.6065;0.7101;720.3688;14.8310;0.0973;752.2472;11.1437;0.0921;784.9740;19.7774;0.1114;820.9083;17.6987;0.0669;863.4234;21.8289;0.0560;910.5431;18.2814;0.1014;944.7335;22.6517;0.4646;991.5301;27.7803;0.1947;1014.3851;29.6359;0.0260;1055.4616;17.4678;1.3010;1092.9193;22.2820;0.9738;1120.8241;37.5542;1.1806;1183.1005;25.8276;0.2917;1219.1428;18.5446;0.0952;1247.8305;11.5099;0.1999;1296.6467;24.7312;0.1193;1308.6715;20.9587;0.0651;1362.1375;32.3562;0.0787;1390.1781;25.6527;0.1222;1430.5845;17.7130;0.1030;1467.2844;22.3972;0.3781;1515.4279;26.8464;0.8560;1541.6828;25.0207;0.2097;1582.3306;26.7963;0.4804;1648.2335;23.9072;0.4423;1656.5941;8.6806;0.9303;1680.0305;25.6745;0.0813;1746.6749;38.4320
2;0.0815;328.3626;34.3237;0.0521;382.6129;14.4986;0.0971;413.6450;17.5724;0.0646;448.0594;18.8296;0.0710;486.9523;28.0042;0.1224;531.0134;9.1333;0.0436;560.3924;13.2837;0.2538;606.7046;18.6401;0.0378;646.7532;23.4344;0.1159;674.8530;26.8063;0.4359;719.9114;15.8498;0.0809;755.0334;24.3460;0.0558;791.9602;25.9831;0.1018;825.1385;26.5609;0.0537;867.1602;23.2970;0.0600;909.0850;19.2214;0.1102;938.5844;14.7314;0.4287;985.9416;27.4703;0.2983;1012.9846;27.2288;0.0628;1053.6706;19.6861;1.3583;1092.7238;22.7394;1.0776;1120.4378;33.4180;1.2739;1178.4486;28.1722;0.3257;1212.6458;32.7296;-0.0054;1250.4527;20.0383;0.2324;1300.6548;21.4263;0.0650;1308.7341;18.3807;0.0320;1354.8543;22.7447;0.1080;1391.6055;22.9020;0.1419;1433.0118;14.6281;0.1247;1474.5199;19.5285;0.5272;1519.7902;25.5717;0.8860;1545.3308;26.9247;0.1816;1586.6631;23.3867;0.3822;1636.7677;22.4176;0.7460;1655.9168;14.1118;0.9893;1682.5817;25.2494;0.1092;1734.7274;38.4113
2;0.0631;335.5742;23.2103;0.0606;375.0267;15.4084;0.0813;411.7632;23.2086;0.0634;451.1185;22.7168;0.0558;489.4981;22.9875;0.1822;531.6121;8.8064;0.0774;558.7868;18.4960;0.2658;605.3729;18.0792;0.0864;647.8118;21.9922;0.1185;680.5691;25.3554;0.4495;720.2726;14.4710;0.0754;753.5907;21.9747;0.0620;789.5762;23.5282;0.0668;824.7561;23.1841;0.0519;864.4888;19.1191;0.0603;907.2043;19.8450;0.0859;942.5037;13.2456;0.3491;985.4789;30.8045;0.2930;1009.0833;30.6787;0.0259;1054.3928;22.1788;1.5586;1094.4881;24.5768;0.8736;1130.1537;35.7867;1.2426;1180.1225;23.5195;0.3754;1213.6145;23.6887;0.0332;1253.7331;12.7832;0.1433;1295.3124;24.8590;0.1745;1308.4004;19.8237;0.0470;1357.3213;27.4700;0.1195;1388.5179;24.5578;0.1786;1434.4474;11.3773;0.0982;1471.0330;17.2764;0.5088;1518.1586;25.3089;0.8747;1544.6178;25.2072;0.1954;1579.2966;17.9630;0.2926;1634.7394;24.4949;0.7316;1655.7283;14.0443;0.9448;1681.5143;27.9459;0.0631;1741.4310;32.2466
2;0.0503;330.2405;29.5697;0.0468;375.9604;21.5611;0.0770;416.0947;21.2877;0.0679;452.1592;18.3583;0.0487;486.2071;21.3909;0.1049;530.7827;11.0839;0.0665;563.7979;16.3287;0.2493;604.7312;17.8570;0.0759;641.5633;23.5872;0.1363;676.7682;19.5717;0.4486;719.6604;15.0045;0.0403;753.5645;21.3331;0.0438;788.3388;22.8178;0.0731;820.4823;18.8486;0.0587;863.7500;23.9218;0.0392;906.6210;21.2667;0.1025;944.5198;21.5199;0.4868;989.0200;25.8636;0.2301;1018.6306;27.8100;0.0041;1058.6440;16.5216;1.4178;1092.8703;23.4319;1.0378;1120.4869;33.4609;1.2602;1178.9154;29.3778;0.2550;1211.7727;30.7477;0.0444;1256.3896;9.4482;0.2138;1294.5975;18.3978;0.1655;1311.5904;14.0485;0.0342;1360.7665;27.9816;0.0834;1386.9794;21.2568;0.0933;1431.5350;10.5976;0.1092;1468.7811;24.5109;0.1949;1522.5542;30.1016;0.8854;1538.2921;30.0617;0.1336;1583.6067;25.1615;0.1142;1626.3919;19.0835;0.7991;1655.6873;20.4251;0.7386;1686.0155;26.4849;0.0588;1750.7097;27.4232
2;0.0511;331.9369;28.3750;0.0524;378.7559;21.0456;0.0770;414.0756;21.4716;0.0519;449.5923;19.4957;0.0468;489.1976;20.8161;0.0898;532.5831;13.1231;0.0325;563.1792;15.5869;0.2318;605.6461;17.0744;0.0532;647.0003;20.2047;0.0938;677.9380;22.7403;0.3984;719.4518;13.9996;0.0463;751.9183;23.8049;0.0364;786.8843;22.9252;0.0639;820.7799;17.2512;0.0579;865.8589;20.5041;0.0342;903.9581;20.0616;0.0838;937.2039;20.0946;0.3802;983.3480;25.8026;0.3191;1011.2943;23.9246;0.0464;1049.7639;17.3778;1.4470;1094.8588;24.9232;0.8593;1126.4437;36.0599;1.2903;1182.0596;28.1664;0.1902;1221.2190;17.4798;0.0611;1255.7536;10.0803;0.1945;1297.6355;21.0151;0.1175;1309.5706;17.8853;0.0286;1357.9802;25.7746;0.0820;1387.7413;18.9541;0.1003;1433.4199;12.7092;0.0645;1466.2148;17.7521;0.3517;1513.3541;24.4222;0.8767;1541.9968;24.4785;0.1763;1577.9387;19.9798;0.1490;1623.7617;23.2398;0.7514;1654.1946;19.2211;0.7465;1685.1671;24.3769;0.0874;1738.1567;33.7490
3;0.0832;335.3869;19.4634;0.1184;375.7599;18.6215;0.1691;409.2195;19.5151;0.1502;451.0831;20.5697;0.1351;486.1749;21.1373;0.1258;528.2133;19.5524;0.1475;562.9234;17.6683;0.9637;607.8651;17.0303;0.1857;645.0983;19.6817;0.6216;686.6695;20.4762;1.2004;720.4358;20.1116;0.3782;748.8114;17.4348;0.3416;795.4759;23.1094;0.4140;828.7626;24.9013;0.1905;866.4368;18.6194;0.3061;918.2162;17.4939;1.1614;952.2435;26.7798;0.5775;990.5700;24.7045;1.1580;1013.8408;28.6799;0.9022;1067.9536;15.9318;1.3216;1092.1864;27.6901;-0.0977;1140.6250;31.4280;1.4163;1155.5665;20.2241;1.8626;1215.5933;30.3125;-0.0915;1241.6853;28.1454;0.1894;1280.5226;20.1571;0.1243;1323.9124;15.8379;0.2655;1365.1954;16.7677;0.3676;1398.0420;20.2503;0.1325;1435.5916;16.3637;0.2936;1476.8406;21.3219;0.5283;1525.3823;26.2550;1.5040;1540.6353;26.9182;0.8635;1579.5860;17.3454;1.3805;1632.0421;12.7698;1.6378;1660.7391;17.6666;0.5746;1698.0356;26.4785;0.1714;1744.5451;25.6224
3;0.0993;333.1904;24.8865;0.1325;377.4534;22.3453;0.1633;408.1684;21.5946;0.1287;454.7871;20.9102;0.1105;485.8863;21.1820;0.1191;527.4104;18.2842;0.1098;561.8493;17.7593;1.0065;607.3095;17.3160;0.2430;650.6806;20.4938;0.7452;689.7883;19.3602;1.3134;720.0852;15.7056;0.4802;745.3595;16.7260;0.3430;796.4219;24.4879;0.3291;824.8707;25.5378;0.1520;862.6249;17.1131;0.3248;919.1693;16.8094;1.2498;950.1149;23.7911;0.6116;989.5987;24.5550;1.2148;1013.2783;30.1807;0.6815;1066.2220;10.4131;1.6042;1086.4607;25.6080;0.4657;1135.9497;32.5011;1.2010;1158.7995;16.7645;1.9214;1214.0994;29.6174;0.0009;1246.2890;30.6918;0.1796;1279.6213;23.9299;0.1188;1327.8609;18.8279;0.3300;1363.5092;10.9321;0.3854;1394.2612;17.0050;0.1316;1432.7453;19.7543;0.3088;1478.2033;20.9580;0.6159;1525.1791;25.0129;1.4715;1542.2027;27.9624;0.6839;1579.9000;17.7450;1.3894;1632.7795;14.1429;1.5180;1660.4909;14.7530;0.6606;1689.9562;31.1780;0.1633;1748.3099;34.5277
3;0.1120;329.2462;24.9607;0.1028;378.1094;19.6658;0.1016;410.0170;19.2081;0.0964;454.3509;18.4139;0.0774;485.9937;18.7141;0.0729;524.4422;17.8086;0.0517;564.5151;16.2118;0.9991;607.5321;17.0958;0.1831;651.0794;19.2316;0.6827;687.5673;17.9440;1.3041;719.1269;16.5745;0.4417;745.2335;17.1791;0.3343;797.1916;25.0728;0.3328;824.2909;24.8104;0.2292;861.7001;20.9782;0.4502;920.0165;18.2182;1.2730;952.0474;22.0507;0.6970;988.1547;21.9218;1.3469;1014.3935;27.4814;0.7581;1066.2813;10.8786;1.6367;1085.7433;25.3511;0.4151;1135.8155;31.8025;1.2601;1159.3650;18.2471;1.9533;1213.7693;27.1807;0.1589;1248.9459;31.0317;0.0842;1288.9293;20.0917;0.1219;1324.1608;20.8160;0.2592;1363.1650;18.3084;0.3186;1395.6038;17.1215;0.1168;1432.9028;17.3978;0.2633;1474.0634;16.6925;0.5702;1522.6415;28.1730;1.5207;1540.2393;23.6651;0.8996;1577.9508;17.9695;1.3666;1633.5068;14.0926;1.4856;1660.1555;13.4917;0.6393;1686.7021;28.0320;0.0907;1744.0634;23.6655
3;0.1453;330.1903;27.4946;0.1465;379.2787;23.3346;0.1771;410.9886;24.7279;0.1809;453.2778;21.0804;0.1436;488.5688;22.6209;0.1566;527.4457;21.5656;0.0896;565.6602;19.5881;0.9167;607.6364;16.2996;0.1385;646.7455;20.9016;0.5373;686.6847;16.9197;1.2185;719.0768;17.4285;0.3298;745.2282;17.9771;0.2734;797.6164;26.0881;0.2699;825.9917;27.3985;0.1782;862.6531;20.7047;0.2246;916.7883;18.8330;1.0593;950.8197;27.0372;0.6384;988.5990;22.6196;1.1338;1014.8767;24.6487;0.5418;1065.5621;10.1501;1.5232;1085.5449;26.7322;0.2569;1136.3294;29.1580;1.1202;1158.8943;19.2180;1.7388;1214.8135;29.2907;0.0218;1245.8844;30.1249;0.1430;1280.8250;21.9411;0.1163;1323.8869;21.9792;0.3209;1362.8692;11.9224;0.3191;1396.5341;21.0581;0.1468;1433.2898;20.0294;0.2429;1472.7659;19.6953;0.6577;1519.1961;30.0712;1.5010;1540.8625;22.6060;0.9336;1578.8365;18.6270;1.3694;1633.6563;15.9598;1.3977;1660.7847;12.0172;0.7284;1687.7485;33.1407;0.2499;1742.1742;28.1713
3;0.1057;332.5889;30.1028;0.1267;380.4610;18.1186;0.1695;412.7020;20.8966;0.1549;451.4821;23.4784;0.1779;488.7849;23.5579;0.1265;526.6569;22.5449;0.0831;562.2912;23.1900;0.9205;607.3712;17.1688;0.2015;652.4879;23.1563;0.5745;686.3196;14.9434;1.1649;715.9246;16.5804;0.5464;739.3997;18.1047;0.3421;798.3791;27.8521;0.2415;829.2636;27.3338;0.1167;866.2028;19.9812;0.3245;922.0840;22.2172;1.1915;955.1229;25.4866;0.4252;988.0377;10.8758;1.4624;1010.6926;25.9192;0.3813;1067.2012;10.2333;1.6818;1084.6208;29.6187;0.2430;1138.3800;32.1177;1.1753;1157.9074;19.6420;1.9045;1214.5806;28.4149;-0.0134;1244.3490;28.2071;0.1185;1279.7948;24.2176;0.0994;1326.1372;19.8638;0.2413;1361.9002;7.3603;0.3097;1390.5298;20.5178;0.1072;1440.7593;19.1577;0.2201;1474.8502;14.2271;0.5836;1526.9842;32.4190;1.4011;1537.8752;22.8862;0.9369;1576.6725;19.5105;1.3372;1632.8615;14.6764;1.3524;1660.4192;12.6479;0.7520;1685.8909;31.8040;0.1427;1746.4140;27.0096
3;0.0945;334.5687;23.7024;0.1152;378.1132;19.2038;0.1302;410.9582;18.6891;0.1095;448.5634;17.5713;0.0924;487.1930;17.3456;0.0917;529.9424;18.3632;0.0668;564.6854;19.2730;0.9065;607.4221;16.2287;0.1527;647.7033;19.5567;0.6084;685.2486;16.7795;1.3057;718.8417;18.7599;0.3496;746.7321;15.4170;0.3230;794.6194;23.5954;0.3305;825.3435;23.8739;0.1671;862.2477;17.4153;0.3246;919.1493;18.4244;1.2423;951.9666;24.3186;0.5053;990.9704;24.0098;1.2936;1011.9067;29.0581;0.5888;1067.0522;11.2888;1.6897;1086.7637;28.4357;0.2343;1140.8347;29.7904;1.2848;1157.7963;20.4280;1.9364;1214.2197;27.4996;0.0887;1246.3848;32.2424;0.0720;1284.2785;20.3887;0.1050;1325.2989;20.4671;0.2756;1364.1456;11.8474;0.2959;1394.3855;14.4784;0.0797;1436.5466;18.0193;0.2542;1479.5568;21.4125;0.4264;1526.7369;25.2491;1.6268;1538.3342;24.2008;0.9535;1576.7763;19.5635;1.4323;1633.2374;15.0858;1.4667;1661.3225;13.9801;0.6726;1689.8144;29.6741;0.0489;1742.3721;20.2361
3;0.1835;338.6227;31.1235;0.2105;377.7341;19.5166;0.2729;408.9771;18.8099;0.1750;456.5336;21.8975;0.1326;487.2727;23.6464;0.1190;529.2064;22.2318;0.1147;558.9865;18.4529;0.9640;606.9011;20.7319;0.3069;650.2206;20.9707;0.7782;689.6393;22.4259;1.3360;720.9406;17.1721;0.5494;747.3529;14.7742;0.4268;787.4072;24.0774;0.5068;824.6066;24.6629;0.2259;864.0543;19.3522;0.2862;916.9337;17.7671;1.1814;950.4285;25.5026;0.9201;990.5961;19.0536;1.1089;1017.6261;24.3772;0.6536;1068.6124;16.3837;1.3908;1089.7563;28.6559;0.1140;1141.5963;27.9673;1.2206;1156.1371;18.8533;2.0357;1218.6863;33.8503;-0.4942;1242.8628;30.0668;0.3635;1277.6259;25.5668;0.4408;1329.2924;24.7271;0.4511;1363.4745;11.5195;0.5131;1392.5409;17.9897;0.3160;1432.4861;22.4479;0.4038;1474.9429;21.2152;0.6863;1523.8160;27.6150;1.4279;1541.4962;27.1808;0.9357;1581.2787;20.5393;1.2157;1630.3651;14.2565;1.4827;1659.2771;17.3661;0.5924;1693.6336;25.0074;0.2245;1756.6236;31.4879
3;0.2855;324.3081;33.0694;0.2513;381.4812;18.3016;0.2566;409.6917;18.4403;0.2365;447.6110;18.5172;0.2131;489.3453;22.0659;0.1887;528.8435;20.6396;0.2617;563.0200;18.1646;0.9896;606.2002;17.6503;0.3870;646.8762;24.6988;0.8456;691.1774;23.5617;1.1947;720.5240;15.3001;0.6312;744.8432;13.9356;0.3984;783.8205;29.2377;0.5059;823.6795;24.4163;0.2739;866.7727;20.9887;0.3033;912.6328;20.8381;1.0935;949.4727;29.6612;0.4640;985.5609;27.5248;1.2060;1012.1446;24.7151;0.7643;1069.4614;21.2688;1.1017;1092.1518;30.0977;0.0599;1137.7212;28.0126;1.0837;1156.8290;20.4475;1.5775;1211.7935;28.7272;0.1750;1258.0993;32.2028;0.2062;1284.5356;27.6348;0.2752;1327.5163;17.2935;0.2895;1363.7760;13.6083;0.3144;1396.6633;22.1598;0.3417;1441.2097;20.0578;0.3724;1480.3253;21.3932;0.5541;1524.7889;26.1463;1.1850;1541.0060;28.4382;0.5734;1583.3833;21.3241;1.1434;1633.9289;16.2764;1.1778;1661.9384;14.8557;0.5105;1695.9720;27.2617;0.3007;1741.6591;36.8669
3;0.1089;329.7124;27.0562;0.1178;376.7827;20.7001;0.1978;407.9781;18.6957;0.1401;454.3218;21.0021;0.1012;488.1974;22.3437;0.1310;528.0366;21.8181;0.0585;563.0904;19.1842;0.9355;607.1296;16.5310;0.1567;644.3638;19.4971;0.6108;689.3681;23.1680;1.2110;721.4020;17.0725;0.3627;749.1288;14.9412;0.4313;800.1304;22.4508;0.2758;836.5491;25.7336;0.1154;861.7620;17.1325;0.3504;916.5924;18.5808;1.1343;951.0006;23.3702;0.8200;988.5513;23.7193;1.1979;1015.5660;25.0757;0.6477;1067.1880;13.3586;1.6099;1087.3603;27.4023;0.2256;1139.4086;29.1917;1.2564;1158.2327;19.8289;1.8405;1213.5818;28.4904;0.1123;1247.3151;32.1767;0.1097;1284.5718;23.3961;0.1232;1322.9732;21.8158;0.2746;1362.8759;9.7662;0.3090;1393.7759;19.3853;0.1455;1436.2414;18.3796;0.2821;1470.2447;10.5214;0.5916;1520.6530;31.8516;1.4037;1539.1685;21.7496;0.8392;1575.4688;19.2175;1.2611;1632.1555;12.6786;1.4496;1660.2278;16.1044;0.6106;1689.2212;29.1364;0.1749;1744.0745;32.8309
3;0.0739;336.4312;17.8749;0.1196;377.3459;19.9488;0.1208;411.4325;19.1676;0.0892;451.1368;19.3499;0.0815;485.7219;18.6202;0.0669;528.1504;16.9898;0.0603;561.2165;15.8076;0.9599;607.0027;16.8130;0.1596;647.7780;20.1101;0.6758;687.7523;18.4358;1.3610;719.8093;16.5092;0.4288;745.2824;16.0251;0.2985;795.6367;26.3099;0.3491;824.1984;26.2680;0.1511;863.5011;19.7120;0.3269;918.8541;18.0035;1.2653;951.6008;24.6943;0.7801;989.9244;21.2085;1.2812;1015.6579;27.0306;0.6713;1066.0324;11.0720;1.7227;1086.4120;26.2623;0.3841;1137.6295;30.9186;1.2013;1158.6745;18.5562;1.9504;1213.6556;28.6138;0.0422;1245.9408;29.7153;0.1218;1283.6450;19.1993;0.1201;1327.7762;20.3864;0.2964;1365.3647;14.2706;0.3392;1394.5395;15.0114;0.1474;1432.2105;15.2087;0.2739;1476.8107;20.0773;0.6837;1527.2616;25.5390;1.3297;1539.9938;25.7206;0.7716;1577.2947;18.9826;1.3441;1633.1819;13.6566;1.5115;1660.0331;14.4418;0.6817;1688.3252;29.5507;0.1685;1736.8541;26.1657
3;0.1221;330.0145;25.9566;0.1191;381.7419;19.4234;0.1795;407.4516;22.9374;0.1225;449.2045;21.5483;0.1196;486.1920;21.1307;0.1358;529.2535;21.0049;0.0675;562.2086;18.6150;0.9980;607.3474;17.8248;0.2363;649.2479;22.1294;0.7643;689.0951;19.0219;1.4336;720.6705;17.0984;0.4525;746.0513;15.3498;0.3911;793.9216;27.7878;0.4312;825.4960;26.9086;0.2303;863.1986;21.5961;0.2924;916.4874;21.3574;1.3627;953.0319;27.0200;0.8517;991.5542;18.6899;1.3109;1016.8511;22.1300;0.6002;1067.3866;15.9946;1.5759;1087.3972;28.0208;0.2626;1138.0492;31.7127;1.1814;1158.0156;19.4603;1.8975;1214.5930;29.0474;0.0095;1245.0352;31.3415;0.1242;1287.1395;18.3774;0.1374;1327.7221;18.1674;0.3227;1365.3642;17.3719;0.3001;1396.5345;15.3383;0.1999;1433.5128;17.3239;0.2661;1468.4499;16.7321;0.6566;1520.5138;28.6018;1.4849;1541.1272;23.5202;0.7680;1578.9326;18.6787;1.3528;1632.9245;13.7589;1.5837;1659.8306;14.2501;0.6730;1690.0966;29.0034;0.1190;1748.0894;28.0060
3;0.1162;329.7451;25.6336;0.1450;378.2068;20.0285;0.1830;407.3180;20.0888;0.1009;451.9517;20.7676;0.1084;485.3141;21.1628;0.1006;528.8548;16.9196;0.0947;563.9656;17.5150;0.9530;607.0810;15.9115;0.1405;640.2329;18.2612;0.6333;687.4484;21.9989;1.3440;720.3996;15.7051;0.4554;746.0079;12.4960;0.3612;799.0898;25.4884;0.2504;830.9750;26.6630;0.0976;865.5446;14.7580;0.3392;919.2440;18.2230;1.2224;952.2735;24.7942;0.6943;990.4444;21.8657;1.2145;1014.0502;25.5906;0.6000;1066.5670;10.6705;1.6186;1085.3569;26.6655;0.2963;1137.1667;29.2279;1.0847;1159.3068;19.9916;1.8713;1214.7451;27.7006;0.0107;1245.9571;29.9209;0.1511;1282.1456;21.0736;0.1180;1326.7934;16.2930;0.2509;1366.4943;18.7019;0.3123;1396.3057;14.7924;0.0986;1437.5381;18.6421;0.1867;1474.9529;20.4161;0.6965;1527.3787;26.1004;1.1465;1540.1808;25.5944;0.7541;1576.1881;19.8654;1.2947;1633.4271;13.4700;1.4789;1659.5539;13.3554;0.6983;1686.9387;27.6428;0.1426;1741.8795;32.3636
3;0.1172;331.6373;26.3274;0.1245;379.5824;22.4238;0.1334;407.1459;22.3391;0.1515;448.6226;22.3604;0.1854;489.4709;24.3729;0.1141;531.5021;18.2295;0.0879;565.1715;17.7843;0.9638;606.5980;16.9154;0.2230;648.7429;19.8340;0.6324;688.6607;18.8957;1.2472;720.6157;17.3467;0.3563;747.4898;15.6582;0.3866;794.2176;26.2927;0.3293;826.3409;24.9653;0.1763;863.7744;20.1525;0.2486;916.8500;20.4740;1.1200;952.0391;25.6899;0.6718;989.2777;19.2425;1.2645;1015.1029;25.1968;0.6732;1065.7422;13.0422;1.7164;1087.9230;26.5153;0.2177;1137.4473;29.0395;1.0651;1158.5108;22.3678;1.7647;1214.1983;26.1931;0.1269;1249.4278;28.9085;0.0797;1288.0264;18.5789;0.0957;1322.5649;17.1394;0.2882;1360.1656;18.6559;0.3130;1395.9289;16.3922;0.0954;1433.5287;15.8986;0.1637;1469.9998;19.7289;0.5630;1521.4423;30.5253;1.2012;1538.5896;21.5006;0.8902;1576.5435;20.2272;1.1334;1633.8409;14.7927;1.3764;1660.2291;14.3807;0.6206;1687.6899;26.1064;0.1226;1742.5937;21.0834
3;0.1340;330.0401;27.9075;0.1330;380.6244;18.8116;0.1853;409.3233;23.2729;0.1320;453.0232;20.6781;0.1493;492.2506;21.0911;0.1317;531.7586;19.2103;0.1315;560.4009;20.8309;0.9535;606.9136;17.2953;0.1484;646.4725;17.7803;0.4829;685.6787;16.8089;1.2238;719.4751;17.6459;0.2504;745.1713;13.7243;0.1991;795.0017;23.2171;0.3277;823.2532;23.5459;0.1747;861.7554;16.6158;0.2349;916.4235;20.3403;1.1019;953.5289;26.3375;0.7581;990.6941;19.8535;1.2298;1016.1094;21.3036;0.5356;1066.0425;9.4341;1.7286;1085.3622;28.1568;0.3150;1137.4522;32.1847;1.1046;1158.3504;20.2632;1.8939;1213.6541;27.2182;0.1337;1250.2416;30.7567;0.1243;1283.8550;22.3997;0.1602;1325.2127;23.0180;0.2670;1361.9689;12.3371;0.3562;1392.9941;16.4914;0.1946;1436.3337;23.1589;0.2228;1474.8970;17.3051;0.5313;1523.5009;25.3325;1.3418;1540.5824;25.0177;0.8480;1580.1319;16.0615;1.1232;1634.3290;16.4657;1.2729;1660.0155;12.1049;0.6957;1682.4718;31.6761;0.1955;1746.9062;37.3505
3;0.1549;335.0883;25.5221;0.1423;382.8345;20.0716;0.1601;412.1580;22.0908;0.1230;452.7341;20.6251;0.1958;492.1268;22.8868;0.1190;528.9443;18.5109;0.0956;568.2456;17.8836;0.7332;606.6401;18.0265;0.1590;646.2164;22.5456;0.4257;685.7054;19.9451;1.0601;719.8919;17.0614;0.3181;750.4012;16.5404;0.3195;794.6954;22.2293;0.3387;830.6365;26.3010;0.1013;866.0457;22.9711;0.4068;918.6146;19.2894;0.9243;951.1689;19.0865;0.7441;987.9758;27.5010;1.0133;1017.6335;33.9787;0.7884;1067.8928;11.4580;1.5644;1089.4997;28.4795;0.3389;1139.5151;27.2242;1.0546;1162.9667;29.8012;1.7182;1215.6193;23.7333;0.3836;1255.3615;21.6683;0.1794;1294.9025;18.2372;0.1351;1318.4609;21.2522;0.2989;1363.5679;19.5586;0.2363;1401.0083;21.8736;0.1276;1440.7456;21.4857;0.2791;1481.4013;24.6508;0.3764;1526.7687;22.8311;1.0986;1538.2861;23.8091;0.7416;1578.3586;20.4429;1.0387;1635.7764;17.7965;1.0542;1661.6795;11.3542;0.5788;1685.0037;25.4373;0.1687;1751.4351;31.2358
3;0.2111;326.9623;25.2478;0.1992;376.5128;20.1207;0.2615;411.3117;21.3117;0.1858;455.2859;21.4526;0.2033;487.6130;26.6213;0.1586;524.4929;25.0302;0.1701;560.2160;21.0612;0.8674;606.4531;18.4344;0.1736;649.7722;19.8598;0.5119;686.3089;19.3349;1.1217;719.1393;15.7558;0.3608;747.4801;14.0408;0.2846;788.7667;21.2992;0.3694;823.0807;22.8851;0.1552;860.2503;16.4483;0.0886;905.6202;23.2558;1.0298;951.1832;31.7117;0.0895;982.6149;30.7170;1.4079;1011.3467;33.0786;0.9413;1067.5768;14.6310;1.6141;1092.1592;27.1550;0.5386;1147.9639;22.8774;0.9206;1160.1992;28.0979;1.7466;1213.8766;26.4136;0.2160;1249.7868;29.7766;0.1545;1281.8388;21.1002;0.1224;1326.4686;18.5522;0.2373;1358.6909;16.1551;0.2750;1396.4161;19.4921;0.1385;1435.2102;21.1279;0.1932;1473.4159;20.8390;0.4580;1520.8635;29.0706;1.1017;1538.8581;21.9202;0.7166;1576.1540;19.2234;0.9372;1633.2090;13.3837;1.1858;1659.9088;14.9641;0.4236;1689.7119;27.3747;0.0786;1745.4245;23.2758
3;0.1377;323.9993;26.1414;0.1314;375.3275;20.1019;0.1849;409.7626;22.0064;0.1500;452.9978;23.3357;0.1361;486.8856;24.6075;0.1901;526.7031;21.3947;0.1004;561.3141;17.4040;0.9189;606.6742;17.3768;0.1486;645.6317;18.4733;0.6265;687.4368;20.1146;1.2683;720.8852;16.5232;0.3611;747.7304;14.9143;0.3312;793.5236;23.2360;0.4212;827.3064;25.5268;0.1794;863.0666;16.9209;0.2750;912.4209;22.8189;1.1680;952.2917;26.7301;0.6898;988.1608;17.9498;1.4085;1015.2100;23.4923;0.7433;1067.2256;14.9642;1.6043;1090.7586;29.5137;-0.2129;1139.4592;29.1276;1.3973;1155.7518;26.0047;1.8124;1214.7243;26.2923;0.1776;1250.0866;32.2339;0.1372;1282.3820;22.2824;0.1632;1318.8401;19.5070;0.3240;1364.9129;18.9267;0.4685;1395.0783;13.9283;0.2734;1427.9709;19.9127;0.2232;1470.7072;23.0209;0.5680;1520.6843;28.3000;1.3121;1540.3060;22.6317;0.8406;1577.9612;19.8137;1.1471;1633.5376;13.9761;1.4260;1660.2612;14.1927;0.6430;1690.8368;32.8907;0.2185;1751.5016;27.9306
3;0.0763;334.0354;20.5430;0.0721;378.3317;17.2257;0.1117;410.3105;20.2002;0.0807;452.7032;19.0373;0.0661;486.1351;18.2220;0.0641;528.1825;15.6569;0.0567;563.9549;16.1839;0.9060;606.8118;16.2308;0.1434;645.6946;19.6180;0.6067;688.1396;19.3531;1.2551;719.1530;15.3038;0.4312;744.1483;15.7395;0.2817;794.6272;25.7258;0.3316;825.5344;26.2160;0.1454;863.8974;18.5918;0.2153;917.5995;17.7035;1.0500;951.7585;24.5161;0.4755;988.9677;24.2192;1.2138;1012.6829;28.0750;0.6380;1066.7527;10.5257;1.7025;1086.2856;27.0198;0.3208;1139.4001;28.6806;1.0222;1158.2650;19.8741;1.7785;1212.9116;27.0577;0.1171;1248.6878;26.6602;0.0562;1288.1940;14.5737;0.0701;1322.4040;17.9833;0.1685;1363.9582;16.8091;0.2861;1394.6977;15.8358;0.0697;1436.9778;14.8435;0.1912;1477.6295;18.5235;0.4200;1524.1702;25.6473;1.2578;1539.8976;25.0921;0.7419;1578.8658;17.7782;1.0388;1632.7488;12.9842;1.3210;1659.5757;15.7190;0.5273;1689.8498;27.8438;0.0947;1743.6540;27.7504
3;0.0653;335.5816;18.5324;0.0813;378.0697;19.0890;0.1131;409.5190;20.2810;0.0775;452.5490;19.7858;0.0726;485.9597;19.3025;0.0553;526.2025;16.6157;0.0359;565.6907;15.8138;0.9977;607.1316;16.5117;0.1468;647.2440;19.4688;0.6903;690.4500;21.1112;1.3525;720.1264;13.8597;0.4860;744.2609;15.5657;0.3215;797.0333;25.7931;0.3050;825.9021;26.1680;0.1063;862.1500;16.5189;0.3213;920.6533;15.4438;1.1547;953.2798;23.0771;0.7490;989.4740;20.1090;1.3096;1014.8548;23.9495;0.6313;1066.9937;10.9048;1.8362;1086.0382;28.0532;0.2811;1141.8306;28.8511;1.0790;1157.5875;21.1635;1.9249;1213.4215;27.0502;0.0868;1247.6413;28.9919;0.0478;1286.9979;15.5196;0.0684;1323.8287;17.5447;0.1916;1364.2725;15.5226;0.3038;1394.3824;15.3785;0.0625;1437.3727;13.5381;0.2088;1475.5655;17.1748;0.5195;1524.5611;28.1395;1.3449;1539.0936;23.9945;0.8742;1578.1629;19.1039;1.2177;1633.7360;14.5931;1.4026;1660.5744;14.5149;0.6362;1689.7863;28.7644;0.1153;1743.0216;22.4976
3;0.1332;330.2496;29.0706;0.1596;381.3035;21.0622;0.1490;409.1256;23.3251;0.1199;447.4690;22.0308;0.1492;482.5656;19.1799;0.1127;530.5043;18.6374;0.0563;565.8303;16.9720;1.0248;606.7630;17.5564;0.1991;647.7241;19.8600;0.6706;689.7967;21.8290;1.2762;719.7937;15.9874;0.4865;744.7006;14.9785;0.3886;795.0846;27.2150;0.3498;827.2446;27.1123;0.1810;863.0861;19.5262;0.4135;920.7351;17.8340;1.1823;954.4656;22.2841;0.8734;989.2326;18.1771;1.3377;1015.8043;22.4527;0.6117;1067.4046;11.7218;1.7526;1086.9418;29.6203;0.0815;1143.5732;27.9069;1.2184;1156.2932;22.1510;1.8814;1213.9703;27.7673;0.0492;1248.2034;27.8791;0.1399;1281.7906;19.6957;0.1035;1324.6039;19.3540;0.2637;1363.3716;17.0649;0.3907;1395.6467;15.4986;0.1927;1434.2652;18.1301;0.2158;1472.3870;21.5123;0.6132;1522.5243;30.2057;1.2486;1539.4904;24.6543;0.8108;1578.4866;20.0184;1.1097;1631.8692;13.2291;1.4781;1659.1126;17.4695;0.5801;1691.4546;27.6897;0.1729;1744.6215;33.1576
3;0.0661;334.3449;19.4967;0.0965;379.2145;18.4313;0.1160;409.9304;21.1342;0.1000;450.7045;21.4011;0.0924;484.9918;19.7262;0.0669;526.2362;16.0765;0.0490;563.4487;14.6203;0.9662;607.0470;16.2270;0.1433;645.6020;19.2245;0.6572;689.3671;19.8520;1.3114;719.1778;14.4641;0.4576;743.6744;16.2041;0.2683;794.4982;23.5259;0.3603;824.2758;24.5271;0.1144;860.5956;16.5712;0.2289;917.4500;18.4041;1.1509;952.5544;24.5516;0.6181;989.8381;22.4586;1.2818;1013.7096;26.4054;0.6865;1067.5586;10.8034;1.7857;1086.8323;28.0959;0.1257;1141.2451;28.5296;1.2083;1157.5738;23.0246;1.9291;1213.8490;25.8173;0.1455;1250.4869;28.1279;0.0430;1288.2726;15.4268;0.0631;1323.6529;16.8285;0.2455;1364.7910;13.8962;0.3259;1395.6171;14.6399;0.0740;1437.7783;14.5583;0.2060;1475.9012;17.7039;0.4473;1523.1289;27.8499;1.3841;1539.6358;24.0288;0.8283;1578.4057;18.8487;1.1734;1633.1948;12.9757;1.4021;1659.8068;15.2438;0.6236;1687.8460;27.2579;0.1277;1744.9693;27.5280
5;0.0339;336.0414;21.4530;0.0478;376.9878;20.5654;0.1167;416.5900;22.3956;0.0618;455.3617;21.6193;0.0384;486.5112;20.3594;0.0456;529.8552;18.5711;0.0185;563.4476;15.1394;0.2519;607.9977;16.9806;0.0453;636.6515;22.9184;0.2294;681.1227;23.6138;0.9434;717.5790;12.7533;0.2208;737.0882;23.8802;0.0310;792.5492;20.8891;0.0499;823.1996;20.0090;0.0530;863.0282;18.3350;0.0398;906.5670;21.0955;0.0764;944.7654;13.1747;0.3848;992.5419;27.4437;0.3878;1008.2974;31.4002;0.0795;1054.6445;26.9004;1.3328;1091.0896;24.2016;0.8224;1131.7302;33.1736;1.6111;1180.8459;24.9937;0.3191;1205.7582;32.8835;-0.0046;1248.1074;14.7486;0.1702;1294.9522;20.4366;0.2501;1310.0280;15.4089;0.0352;1360.7631;23.1676;0.0594;1394.4082;23.0377;0.0491;1433.6538;15.0160;0.0450;1476.8504;20.5766;0.1523;1511.0956;17.2294;0.9432;1543.4748;29.3837;0.0557;1583.4907;23.2322;0.1480;1629.4167;16.0212;0.7751;1657.0874;18.6217;0.7394;1690.9209;23.0364;0.0482;1743.0742;25.2268
5;0.0290;333.4581;21.9440;0.0362;376.1478;18.5259;0.0872;414.4262;20.8372;0.0517;451.9197;19.9690;0.0352;487.4676;18.5169;0.0561;531.6400;15.3370;0.0255;563.6416;15.3261;0.2586;606.7807;16.3728;0.0489;636.4956;23.3018;0.2527;680.4087;24.2249;0.9613;717.5306;13.1058;0.1902;739.2025;23.5763;0.0442;788.1345;22.3764;0.0535;822.5383;19.2403;0.0340;863.6605;17.0977;0.0623;911.9466;16.9107;0.0994;943.3443;14.6778;0.4013;990.9889;28.2583;0.4202;1007.9645;29.9800;0.1079;1051.4585;25.9761;1.3877;1091.0663;23.9136;0.8882;1129.8869;34.4528;1.6758;1180.7994;25.3207;0.3315;1205.0872;32.8315;0.0213;1246.3741;12.5323;0.1879;1292.4507;17.8628;0.2880;1311.0090;14.4999;0.0430;1354.8850;23.0499;0.0414;1397.8021;22.9863;0.0467;1434.4476;21.6679;0.0625;1478.1836;22.8107;0.2287;1515.4844;19.6744;0.9611;1545.2647;29.3489;0.0558;1582.7446;21.6873;0.1182;1625.2271;20.7478;0.8410;1656.2846;20.5054;0.7835;1691.6170;23.5716;0.0444;1749.6249;26.9074
5;0.0318;329.8444;24.6283;0.0423;376.5119;19.3983;0.0748;415.7340;21.5879;0.0599;451.6352;20.3832;0.0393;489.4833;17.0030;0.0394;531.0445;18.3571;0.0292;566.3848;18.6773;0.2578;605.9693;16.3748;0.0423;639.9212;23.9612;0.2390;681.4306;27.2285;0.8490;717.9224;11.9019;0.2210;733.8288;23.0640;0.0266;790.1002;22.0531;0.0578;825.4401;23.8570;0.0468;861.6588;17.1201;0.0388;913.4345;17.3126;0.0834;943.4579;15.8955;0.3800;990.5872;28.3237;0.4638;1007.6054;28.6034;0.1546;1046.9490;21.6530;1.3603;1089.4593;21.2358;0.9267;1124.5264;40.2370;1.6590;1180.4642;24.0596;0.3800;1205.9458;29.0491;0.0280;1251.8301;10.9833;0.2274;1295.1708;17.8125;0.2403;1311.3786;12.3803;0.0436;1366.2896;20.2701;0.0414;1398.3160;24.8293;0.0373;1435.0647;19.8298;0.0899;1485.5134;21.1110;0.2377;1514.9912;17.0083;0.9887;1543.8531;26.1397;0.1986;1577.7634;23.9446;0.1237;1625.6221;25.0624;0.7954;1657.2637;23.3424;0.7733;1692.4905;24.0811;0.0213;1741.0338;20.8763
5;0.0439;331.3079;26.7959;0.0309;378.4870;19.2334;0.0851;417.4748;18.9868;0.0511;455.4313;19.3452;0.0294;485.7619;18.0415;0.0375;529.6071;17.6212;0.0294;563.4703;14.9586;0.2589;606.2802;16.0059;0.0644;634.2504;23.5687;0.2502;681.6035;25.8731;0.8699;717.5588;11.5076;0.2962;731.1828;25.5967;0.0538;785.5898;23.2238;0.0613;821.9087;17.5394;0.0425;865.1315;17.4764;0.0407;908.2711;17.0744;0.0832;942.2194;12.2596;0.4359;994.2624;26.9410;0.3479;1010.4237;33.7306;0.0438;1055.6177;25.1521;1.4191;1089.8077;22.9793;0.9018;1127.6500;35.2684;1.6764;1180.1965;24.1790;0.4090;1206.0309;29.7022;0.0438;1250.5085;6.8611;0.1905;1292.4673;19.5971;0.3202;1310.6049;15.5085;0.0604;1361.5752;21.7302;0.0361;1406.0447;20.1070;0.0372;1437.8144;19.6821;0.0864;1478.2755;18.6554;0.2969;1516.7868;22.0414;0.9645;1546.3834;27.9421;0.1055;1586.1616;25.9894;0.0801;1625.9001;24.5485;0.7980;1656.4632;22.6005;0.7668;1691.9615;22.8555;0.0394;1750.9720;26.4554
5;0.0472;337.5094;26.8283;0.0564;379.7987;19.2971;0.0749;417.4678;21.9903;0.0617;451.6122;22.2344;0.0713;489.7583;21.1289;0.1708;532.5326;9.1688;0.0487;563.3281;15.9880;0.2535;604.6064;15.5861;0.0593;631.8226;21.7786;0.2564;678.2224;24.0716;0.9990;718.5943;14.0577;0.1754;743.6571;22.5565;0.0398;786.8110;20.5727;0.0860;820.3396;17.4370;0.0776;860.0149;20.6128;0.0516;906.1551;16.2234;0.0986;938.0115;22.8327;0.4588;989.7514;28.1208;0.4290;1008.6455;27.4343;0.1284;1048.1112;22.7884;1.2788;1089.1224;21.5766;0.9456;1120.3100;37.9665;1.7184;1179.5281;25.3015;0.3643;1207.9563;30.0209;0.0967;1251.3090;5.8930;0.2331;1290.9791;20.2636;0.3305;1310.3904;13.1513;0.0685;1357.0518;32.4676;0.0914;1392.7252;26.3815;0.1020;1435.1384;15.4099;0.0909;1468.9249;22.9297;0.2721;1511.8315;19.5059;1.0054;1543.5878;27.0114;0.1586;1583.5372;25.8577;0.4060;1642.7160;20.4575;0.6263;1657.7441;8.9547;0.9032;1683.2351;30.3691;0.0456;1757.6849;21.6516
5;0.0454;331.4226;25.9822;0.0726;377.0542;18.3713;0.0929;415.6634;19.4999;0.0651;450.2981;22.2223;0.0688;489.4270;23.9774;0.1245;531.8768;13.8447;0.0708;566.5381;18.4814;0.2812;606.9664;18.9836;0.0462;641.9497;23.1854;0.2779;682.8055;29.8034;0.9925;719.1449;13.3169;0.1896;742.1313;20.6187;0.0671;787.4237;25.1235;0.1005;820.9256;16.4215;0.0645;862.0353;21.7042;0.0645;910.0487;24.2646;0.1089;947.2979;20.3273;0.4947;993.6152;25.6976;0.3789;1010.9041;33.6995;0.0452;1053.1762;25.8820;1.2563;1088.5082;20.6606;1.0421;1117.9467;38.4700;1.7453;1179.8306;25.3126;0.3523;1207.0978;29.8046;0.0300;1255.2446;10.4362;0.2032;1288.7885;15.1471;0.3934;1310.5308;13.9372;0.0687;1362.2136;29.6878;0.0842;1389.1659;26.0035;0.1147;1434.5291;18.3409;0.1475;1484.3962;25.2450;0.4196;1516.1845;15.7252;1.0402;1542.2924;20.2709;0.4221;1572.4406;20.9933;0.2516;1630.5705;23.7548;0.8684;1656.9913;16.7239;0.8808;1688.3725;26.3653;0.0437;1744.7113;33.7575
5;0.0991;334.7403;36.7135;0.1134;383.0954;17.5304;0.1285;412.5478;17.3237;0.1039;447.2495;18.2122;0.1129;483.5040;21.1273;0.1429;531.2299;18.5705;0.1116;568.0262;14.3274;0.3044;603.4079;16.6230;0.0835;643.4556;24.2253;0.2886;684.5828;27.8522;1.0196;719.0963;13.0306;0.2044;736.9944;24.5914;0.0876;787.3198;26.5014;0.1227;825.7237;19.4191;0.0646;865.9659;18.6095;0.0669;908.1682;19.0048;0.1058;944.0607;25.2826;0.5028;995.2388;29.1308;0.2764;1007.6264;30.5466;0.0967;1045.5931;19.2989;1.4671;1090.2997;21.1015;0.8237;1122.4962;39.4642;1.4501;1180.7071;24.5201;0.3882;1210.7418;27.9411;0.0400;1258.2188;14.0814;0.2310;1293.9662;16.9542;0.3476;1311.9446;15.5948;0.0953;1363.1773;30.7542;0.0555;1389.9028;23.4058;0.1394;1432.6115;21.2223;0.1424;1475.8175;25.7476;0.2720;1516.3540;22.1873;0.9785;1545.6221;29.9776;0.1562;1589.9659;18.1514;0.2630;1627.1300;16.2306;0.7936;1653.6757;16.6405;0.9532;1685.1013;27.8654;0.1138;1743.4604;33.5517
5;0.0485;330.9455;31.4595;0.0430;378.3690;19.3933;0.0769;414.3099;22.0059;0.0844;451.7659;20.7147;0.0581;488.7674;20.6957;0.0829;532.1358;14.6911;0.0600;562.6691;12.9006;0.2564;605.2892;17.2715;0.0556;646.2663;20.1239;0.2296;683.1071;23.1435;1.0002;718.1395;12.7673;0.1501;738.5974;18.8027;0.0465;785.8369;21.4192;0.0693;823.5514;18.9145;0.0359;866.4770;20.1076;0.0494;907.3376;17.1378;0.0940;940.1798;19.3963;0.4611;987.8357;26.9283;0.4217;1010.4003;25.6946;0.0808;1049.8359;14.2726;1.4856;1091.4429;22.0365;0.8731;1124.3433;40.1171;1.4144;1181.4455;25.0628;0.3272;1206.9358;31.1152;-0.0005;1249.6718;14.6076;0.1956;1293.8096;19.8745;0.2939;1310.6574;15.7683;0.0331;1360.6301;25.9867;0.0550;1393.0057;25.0713;0.0642;1433.7119;16.6808;0.0962;1473.6145;16.1607;0.3502;1516.8989;21.3971;0.9562;1544.5443;25.9399;0.1869;1586.1335;26.5161;0.2020;1629.0350;16.4649;0.8339;1655.3457;17.9698;0.8578;1686.8417;26.1870;0.0436;1752.3876;24.6147
5;0.0732;331.3754;22.6144;0.0965;377.0100;17.2164;0.1028;412.0893;17.7284;0.0931;449.4051;17.8308;0.0941;486.8154;18.1168;0.1569;531.6453;15.2396;0.0765;564.3383;17.5298;0.2926;604.3198;17.9922;0.0894;640.4369;18.0205;0.2868;679.9166;22.2292;1.1565;719.7748;14.4549;0.1452;751.1104;17.1173;0.1017;788.5976;18.7448;0.1216;826.8915;19.4119;0.0914;866.9880;16.3295;0.0688;906.8102;19.4863;0.1432;941.2292;23.3787;0.5593;991.2619;25.2063;0.3705;1012.3286;24.8349;0.1030;1053.8965;17.0687;1.7624;1091.6924;22.1729;0.8287;1129.8878;31.7835;1.4329;1179.7770;23.6070;0.4644;1207.7497;26.5796;0.0275;1246.8666;15.7037;0.2212;1293.6885;19.7988;0.2867;1311.1610;17.7737;0.0856;1360.7280;21.7994;0.1433;1392.4215;21.8841;0.2112;1434.7419;16.9061;0.1506;1468.5723;15.3810;0.3719;1516.9416;25.3897;0.8942;1546.0592;27.2548;0.1338;1589.4765;20.2480;0.2767;1630.9588;15.1807;1.0932;1657.8978;16.2238;0.8461;1689.0519;23.7075;0.0751;1742.9195;21.2927
5;0.0628;336.7025;23.7331;0.0790;378.9060;19.3752;0.0948;410.9819;23.2832;0.0964;450.1296;23.6004;0.0931;489.9452;25.5950;0.1684;531.1046;9.0790;0.0671;557.3406;15.2824;0.3136;603.8955;17.1944;0.0674;640.7138;23.1383;0.2685;681.9308;27.7725;0.9962;718.5824;12.9176;0.1896;738.7764;22.3275;0.1149;781.7223;17.4186;0.1357;818.2618;13.7143;0.0899;859.0896;21.9022;0.0762;903.1980;21.9104;0.1087;945.2626;22.6493;0.5382;992.3676;28.4001;0.2924;1011.5158;30.5747;0.0295;1053.6089;20.3033;1.5072;1091.4537;22.6939;0.8465;1126.2413;42.9867;1.3536;1180.1144;22.7016;0.4762;1207.8807;23.7457;0.0710;1252.7301;12.6344;0.2261;1289.9504;13.5268;0.3788;1310.3686;13.6484;0.0600;1357.1765;30.5283;0.1133;1388.3899;20.3799;0.1651;1431.8061;9.9485;0.1542;1465.5502;15.9316;0.4786;1518.0564;26.2635;0.8927;1546.5157;24.3134;0.2389;1585.1338;26.5027;0.4090;1645.7262;25.5746;0.2632;1657.7362;6.8033;1.0359;1678.8568;33.6743;0.0779;1757.4666;31.6699
5;0.1276;333.2265;24.0779;0.1817;377.9205;19.6420;0.1724;414.8178;21.1675;0.1487;449.1749;20.3771;0.1316;488.6044;20.3155;0.1516;530.3461;19.2006;0.0622;564.1334;17.3162;0.2529;603.7108;18.3375;0.0633;641.3501;19.4143;0.2632;679.2851;19.6247;1.0085;719.1745;13.8841;0.1928;747.9097;16.3476;0.1351;786.8028;19.7085;0.1427;825.9356;19.2523;0.1478;866.9249;22.1027;0.0962;906.2388;17.4279;0.1912;942.8596;17.1246;0.6027;986.2201;22.9635;0.4858;1015.5416;21.3758;0.1671;1051.7508;17.1526;1.6286;1091.0026;21.5521;0.8866;1124.2230;29.2978;1.3932;1178.2817;25.2982;0.4765;1207.8500;26.5656;0.1177;1252.5333;10.6493;0.2035;1291.1573;22.6087;0.3775;1310.9315;20.6700;0.1190;1355.2856;19.7873;0.1379;1392.4965;18.2221;0.1472;1431.3234;16.0115;0.1271;1468.7201;18.4901;0.5209;1518.4154;22.9389;0.9134;1547.7104;23.5038;0.2278;1591.0601;22.9636;0.0848;1625.5421;19.2120;1.0113;1657.6014;22.3825;0.7414;1690.6511;23.7915;0.1474;1739.1073;27.7944
5;0.0279;334.3904;20.2021;0.0194;376.3727;16.7618;0.0408;413.6226;16.8539;0.0471;449.9638;19.5477;0.0352;488.2183;19.0825;0.0454;532.7146;18.2105;0.0218;561.4592;17.3621;0.2559;605.2511;14.9752;0.0272;639.8634;18.6258;0.1962;681.9372;21.9614;0.9061;716.9065;12.2116;0.1423;735.2004;18.6404;0.0124;790.8138;18.0345;0.0526;820.9444;17.2958;0.0327;867.4354;18.1305;0.0186;905.4024;16.8640;0.0863;940.5538;21.8670;0.4822;989.6896;27.0706;0.3382;1011.4506;27.0688;0.1004;1050.8456;13.0027;1.5277;1092.5799;23.0321;0.9489;1125.7703;39.4774;1.4011;1180.8653;24.4781;0.3948;1209.1182;28.6037;0.0509;1252.6892;8.1150;0.2688;1294.1544;18.3144;0.2382;1311.9327;14.2100;0.0266;1356.5178;21.1923;0.0245;1396.0805;19.1380;0.0268;1432.3019;16.1052;0.0743;1469.2865;17.0787;0.4061;1521.8876;26.1443;0.7733;1546.7657;28.1002;0.1189;1589.7848;17.0942;-0.1606;1629.7442;20.6479;0.8699;1655.3274;33.9356;0.5545;1691.6045;24.8079;0.0502;1740.9673;25.8427
5;0.0448;329.5165;24.3030;0.0227;375.8123;17.2222;0.0367;414.8164;19.4064;0.0336;451.3105;20.4546;0.0250;485.7043;17.0197;0.0424;531.6212;15.6689;0.0222;564.0302;16.1912;0.2445;604.9028;15.6243;0.0366;644.6364;20.5622;0.2027;682.3238;22.4068;0.9135;716.7191;12.2832;0.1806;735.2769;16.2137;0.0195;788.6448;18.3651;0.0617;823.2978;20.4353;0.0251;863.5291;16.9197;0.0209;905.7119;14.3750;0.0670;942.0601;19.0562;0.4635;988.4951;26.0426;0.3483;1010.8913;25.7863;0.0853;1050.4201;12.7724;1.3684;1091.6885;21.6588;1.0237;1118.7967;36.1279;1.3987;1180.6348;27.6763;0.2624;1208.7552;32.8096;-0.0134;1247.4910;13.5731;0.2575;1295.2141;16.6650;0.2366;1312.2726;12.3667;0.0255;1360.1299;23.1403;0.0242;1396.1399;19.7622;0.0225;1435.7126;16.5201;0.0688;1473.7045;22.8721;0.4510;1522.4793;24.5337;0.7654;1547.4774;26.5446;0.1105;1590.4142;18.3955;-0.1806;1630.0491;21.9625;0.8680;1654.3987;32.9610;0.5663;1691.7462;23.2817;0.0460;1747.0100;24.5481
5;0.0458;335.8730;22.6740;0.0734;378.8282;15.9517;0.0713;414.5349;18.0602;0.0642;450.0632;18.6297;0.0442;489.0190;21.7772;0.0898;532.3528;12.1499;0.0256;567.0756;16.8752;0.2399;605.2969;15.7950;0.0382;640.2032;20.0579;0.2087;681.0511;23.1628;0.9315;718.1063;13.0870;0.1540;739.9934;17.0997;0.0491;784.3010;22.2698;0.0932;820.3518;17.2044;0.0798;865.8912;19.5733;0.0468;902.1457;17.2144;0.1017;940.1118;22.2308;0.5474;990.6677;26.2973;0.2802;1015.4778;27.5796;0.0351;1052.1659;15.8096;1.4118;1091.5126;22.2488;0.9558;1120.6943;39.4473;1.3581;1180.7385;25.3739;0.3393;1211.2595;28.3108;0.0083;1251.5066;11.8538;0.2014;1294.5175;20.3286;0.2219;1310.4246;16.2815;0.0494;1361.6314;27.2205;0.0648;1388.7095;20.0418;0.0835;1432.8837;15.5838;0.0748;1473.5863;22.8061;0.3323;1519.5828;25.5110;0.8794;1544.8295;27.8006;0.1515;1589.3528;25.0274;0.1821;1627.3116;22.0856;0.7798;1654.1229;17.8653;0.9198;1684.5583;26.4124;0.1060;1742.3713;32.0333
5;0.0257;334.2869;20.7909;0.0281;376.3216;18.2624;0.0464;414.7029;19.2502;0.0488;450.4035;19.6875;0.0323;489.1024;18.9160;0.0581;531.4341;16.5225;0.0295;563.3103;15.8908;0.2510;604.5361;16.1110;0.0472;643.0805;20.4758;0.2042;682.7571;22.6820;0.8936;717.0504;12.0731;0.1553;735.5881;19.1231;0.0332;788.0509;20.2924;0.0668;823.6058;21.9135;0.0454;865.8526;20.0579;0.0509;905.3884;18.3905;0.0874;942.1864;21.3221;0.4600;988.5375;27.1039;0.3482;1010.3080;25.2849;0.1201;1051.4416;13.8080;1.2739;1090.9443;20.8533;1.0815;1116.0890;34.8832;1.3774;1180.3992;29.0019;0.2135;1207.5945;32.4841;0.0091;1250.8480;12.2431;0.2360;1293.9788;16.6966;0.2532;1311.6452;12.9278;0.0340;1361.1131;23.5517;0.0324;1393.5132;20.2148;0.0461;1431.9722;14.8410;0.0804;1470.3892;19.4137;0.4501;1521.1970;25.5145;0.7438;1547.3907;26.2718;0.1093;1591.6377;23.2568;0.0567;1626.3437;24.8468;0.7462;1654.5137;23.1153;0.7504;1688.4774;24.4648;0.0498;1742.9955;28.3147
5;0.0673;329.5692;31.5421;0.0889;377.8459;19.2112;0.0705;412.5421;20.4130;0.0569;446.8946;20.5578;0.0533;492.6949;25.6438;0.1626;533.0518;9.3795;0.0622;564.5558;16.3717;0.2531;604.7199;15.6161;0.0802;645.8276;22.3249;0.2245;682.2386;19.8099;0.8966;719.4963;13.8417;0.0863;750.3949;20.1045;0.0507;788.7649;22.9766;0.0727;824.1270;17.4158;0.0437;867.5229;19.2144;0.0577;905.6455;20.2334;0.1114;946.0535;24.1868;0.4791;992.9800;26.2484;0.2287;1016.3006;31.8938;0.0803;1059.7562;8.5903;1.1789;1089.6792;19.6910;1.0127;1114.8214;35.9223;1.2632;1179.6816;27.4231;0.3247;1211.1604;30.0151;0.0839;1253.0513;8.5717;0.2056;1289.0240;18.1153;0.3025;1310.8212;16.4130;0.0621;1349.4305;28.9842;0.0943;1390.7421;21.7320;0.1596;1435.2040;10.2405;0.0964;1469.3951;12.6853;0.4141;1516.0042;21.3528;0.8374;1543.9900;22.7915;0.2084;1585.5875;28.1679;0.3062;1642.9218;19.8412;0.3216;1658.2690;8.9061;0.9274;1676.4234;34.2019;0.0767;1745.9893;35.5530
5;0.0517;336.1026;17.9995;0.0658;376.3520;17.3980;0.0756;412.1067;17.8879;0.0771;451.1726;18.2327;0.0537;488.8947;17.5931;0.1689;531.5646;10.5934;0.0768;563.6491;16.0762;0.2639;604.8017;17.1116;0.0825;642.4589;18.6146;0.2394;681.8917;22.3739;0.9438;719.8261;14.1965;0.1293;751.7471;18.8578;0.0805;789.7584;19.3685;0.0919;826.3455;19.3210;0.0742;864.9270;16.4803;0.0724;906.6822;15.6648;0.0893;942.6822;18.0165;0.5146;988.5133;24.4786;0.3355;1015.5177;23.2790;0.0782;1053.8180;17.6634;1.7189;1092.1417;22.2686;0.8283;1128.3152;29.9704;1.2673;1179.2135;24.3709;0.4249;1208.4421;26.8514;0.0565;1249.8266;14.7980;0.2191;1295.7121;18.8518;0.2373;1312.2865;19.8532;0.0632;1359.5542;20.8295;0.1113;1390.7266;19.4248;0.1390;1434.4882;14.2399;0.0927;1470.0744;15.7876;0.3598;1516.5277;21.7073;0.8858;1544.8693;25.2437;0.1785;1588.8072;21.9316;0.1901;1627.4424;16.7360;1.0145;1656.3139;16.7819;0.8188;1687.8842;24.4819;0.0858;1740.8205;22.1502
5;0.0784;332.9778;21.4879;0.0816;376.2635;18.0846;0.0948;412.3396;19.3872;0.0994;450.2265;18.3540;0.0805;487.4797;19.0217;0.1867;532.9217;11.3472;0.0451;564.1208;15.8788;0.2748;606.7893;16.9502;0.0852;643.1167;19.7509;0.3000;684.5724;23.4967;1.3573;719.1757;12.7828;0.1608;746.7857;16.7080;0.0903;792.2648;18.8703;0.0860;827.1405;17.7628;0.0721;866.3461;16.2725;0.0931;906.2932;16.5185;0.1354;944.1381;20.3000;0.5461;990.1916;25.7289;0.2804;1016.3222;26.4758;0.0620;1055.5927;17.1021;1.7321;1091.3838;21.8262;0.8586;1126.4880;30.8214;1.2167;1179.8764;24.3792;0.4471;1209.1014;26.6024;0.0804;1252.7371;12.0120;0.2759;1296.5881;19.4647;0.2168;1312.7223;20.9292;0.0999;1367.7158;23.3879;0.1041;1389.7867;20.7766;0.1367;1432.8324;13.8697;0.1056;1469.2231;16.5982;0.3716;1517.7551;22.2153;0.8951;1543.9900;24.7270;0.1763;1587.4883;20.6639;0.2361;1629.0157;16.9108;1.0487;1656.2692;15.3096;0.8457;1686.1546;25.3355;0.1188;1743.6841;25.1862
5;0.0903;337.4244;28.1448;0.0921;377.8215;20.7907;0.1004;414.7387;18.6664;0.1029;447.0124;16.6560;0.0761;490.1602;26.3509;0.3780;532.1446;4.1097;0.0586;561.8201;20.8011;0.2618;605.1457;15.4974;0.1037;644.6143;19.5371;0.3047;687.1360;22.7209;1.2753;720.1415;12.7196;0.1269;746.4990;21.6350;0.0806;787.8638;23.3610;0.1117;825.0302;21.7055;0.1016;865.4651;18.5368;0.1294;904.7507;20.8979;0.1106;943.9420;21.9027;0.4687;991.2222;28.5449;0.2564;1010.4042;25.6804;0.0313;1053.4700;12.9045;1.5253;1090.8716;22.3191;0.8023;1128.3560;42.7141;1.1112;1182.1804;21.3274;0.4657;1212.9513;24.3275;0.0680;1257.2146;17.5728;0.2648;1292.0144;16.6143;0.3077;1312.1860;18.3003;0.0128;1358.7439;27.8059;0.2097;1386.3867;24.6358;0.2581;1434.2090;7.4563;0.1332;1467.9233;18.7023;0.4769;1515.8115;21.1614;0.9026;1544.1753;20.6744;0.2190;1576.4028;17.1849;0.2512;1646.2606;39.4646;0.5330;1657.9367;4.8829;0.9379;1675.0400;35.4721;0.0681;1748.2972;28.4420
5;0.0978;329.4657;24.8089;0.1615;378.2585;18.5147;0.1397;410.4111;21.2230;0.1507;450.4579;20.7827;0.1087;490.8932;22.7469;0.2746;532.9201;7.8687;0.0759;563.5511;14.2744;0.2308;605.0152;16.4541;0.0595;641.2717;18.3552;0.2410;681.5611;23.0450;1.2994;719.8377;13.4623;0.0944;751.8798;15.4365;0.1048;795.4003;18.1743;0.0938;828.8496;20.0531;0.1111;865.3336;17.7670;0.1342;903.9351;17.1700;0.1525;942.6461;21.2792;0.6231;989.4638;25.5074;0.2835;1017.5397;22.5714;0.1732;1056.2657;9.2025;1.5943;1090.4141;20.9581;0.9073;1120.6930;26.7079;1.0728;1176.6487;29.3177;0.3931;1205.1507;27.8206;0.0804;1245.1174;18.1738;0.2321;1290.4840;19.0624;0.2968;1311.5115;16.9491;0.0733;1361.0589;24.7954;0.1954;1386.5674;17.3358;0.2641;1432.0309;12.6061;0.2469;1462.7864;14.2325;0.4505;1514.7510;22.2811;0.8513;1544.7797;24.8993;0.1058;1591.9348;15.8153;0.2778;1634.0830;16.9129;1.0340;1657.3857;11.2285;0.8086;1682.3474;28.0370;0.1550;1741.5281;26.5742
5;0.0741;333.3847;20.3197;0.1220;379.3113;19.1076;0.1012;410.3203;19.5189;0.1244;452.4883;21.3778;0.0634;486.7648;19.4437;0.1449;532.9604;11.3050;0.0516;564.8272;16.0434;0.2670;604.7339;16.5354;0.0679;643.7141;17.5936;0.2815;681.4559;20.6426;1.3171;719.2510;14.0313;0.1112;750.2885;16.9008;0.0624;793.1363;18.6539;0.1046;826.5684;19.5095;0.1079;864.4286;18.1266;0.0914;904.7008;17.6736;0.1299;942.8253;20.0319;0.5015;988.6961;26.0820;0.3184;1011.7246;23.3910;0.0581;1056.1294;15.6007;1.6083;1091.5467;21.9494;0.8508;1122.4968;27.7435;1.1629;1177.6918;29.4173;0.3709;1206.5249;28.8189;0.0793;1248.0040;16.2661;0.2488;1291.6445;18.6254;0.3123;1312.2577;17.5108;0.0344;1362.5232;21.3659;0.1476;1387.1817;19.6362;0.2234;1433.3786;16.2928;0.2052;1466.2349;14.2093;0.5050;1515.6351;22.7689;0.9138;1544.4874;24.9443;0.1418;1586.0735;20.1641;0.2297;1629.7807;16.9910;1.0061;1655.6122;13.3945;0.9179;1684.0386;26.6841;0.1354;1741.9425;22.2506
5;0.0967;333.1958;23.6627;0.0955;378.3134;17.3070;0.1006;412.2668;21.9349;0.0781;448.7102;19.0468;0.0851;488.6315;18.5087;0.1637;532.5530;10.6884;0.0458;565.2354;15.5446;0.2331;604.5389;15.9901;0.0665;642.5568;17.9091;0.2318;683.0030;23.6858;1.2893;719.6715;13.2520;0.1558;749.2360;16.4485;0.1001;789.2142;18.6027;0.1323;828.2117;19.2663;0.1039;869.7912;16.5584;0.0992;905.9452;16.8840;0.1114;941.2256;19.3343;0.5243;987.9708;27.0890;0.3198;1012.8405;23.4749;0.0464;1055.5709;17.4780;1.6742;1092.3129;22.9400;0.7909;1127.6423;30.9122;1.1987;1179.6235;25.1201;0.4268;1211.1297;28.7664;0.0275;1248.5651;18.7991;0.2260;1295.5385;21.9366;0.2624;1309.5808;17.7255;0.1075;1360.9438;23.1309;0.0954;1392.8459;19.8647;0.1656;1434.2690;16.7425;0.1281;1469.4218;20.1453;0.3771;1519.2177;25.5269;0.8179;1544.2239;28.2865;0.1170;1588.4288;20.0983;0.1773;1627.3714;17.0850;1.0519;1656.0138;16.0602;0.7998;1687.1559;23.7220;0.0975;1741.9271;23.5353
5;0.0798;337.0772;21.6912;0.1013;378.5489;19.3688;0.1401;410.4034;20.9346;0.1225;452.8274;17.8111;0.0959;490.8617;20.3644;0.1983;532.6576;17.3874;0.0805;566.2783;16.2094;0.2743;606.7019;15.9516;0.0967;641.8866;19.6144;0.2821;682.0725;23.4415;1.2764;720.1511;13.6478;0.1317;751.9466;19.6258;0.0622;793.7578;20.6791;0.1042;823.7355;19.5918;0.0823;868.2090;17.6727;0.0761;903.6505;16.9724;0.0874;942.3885;19.6135;0.5593;992.6632;24.3649;0.1867;1015.6823;26.4570;0.0575;1057.6063;15.8952;1.5974;1091.2206;20.6364;0.8361;1121.1151;27.0348;1.1706;1178.0013;27.5633;0.3673;1208.7264;26.5643;0.0454;1249.5563;15.3889;0.1829;1292.2054;20.4973;0.3163;1310.7284;16.3320;0.0225;1363.0452;19.4196;0.1337;1390.2687;22.9547;0.2142;1436.6212;18.7036;0.1728;1469.1969;12.7490;0.4691;1514.2832;23.4946;0.8923;1545.6036;26.3604;0.1756;1591.1046;21.1354;0.2798;1630.7259;16.8310;1.0438;1656.4412;13.7348;0.8539;1684.5928;25.6249;0.1587;1743.9885;25.1364
6;0.2522;322.0485;36.8449;0.2884;379.2978;26.1181;0.2510;417.2379;19.8199;0.2216;453.6542;25.0601;0.3207;493.4914;26.4928;0.1388;533.6475;19.2124;0.1946;554.1207;19.5929;0.6814;605.1880;22.4113;0.1298;642.7614;20.7575;0.4067;681.9104;23.2577;0.7334;720.0677;21.1556;0.3642;757.5719;19.2449;0.3648;792.8918;16.2363;0.6188;824.1587;22.2267;0.3314;871.2934;20.8408;0.8220;916.4706;22.0529;0.7582;952.7871;27.8662;0.5748;998.7353;24.1466;0.6060;1020.7101;34.5896;1.2878;1070.7186;13.7455;0.7448;1096.1936;19.4422;-0.5492;1144.4218;13.3233;1.3578;1151.2878;21.3401;1.5150;1217.0944;30.8073;0.0610;1249.2773;20.7658;0.6540;1279.9421;28.5504;0.6762;1332.4509;32.1024;0.7044;1376.3420;14.5183;0.6474;1397.5026;10.9420;0.6822;1429.0958;25.9470;0.7042;1474.6614;25.5702;1.1834;1522.1719;21.7184;0.9523;1542.8549;19.5380;1.0769;1576.7116;20.3810;1.1200;1635.6799;24.2319;1.0876;1665.8065;4.2604;0.7166;1686.8723;37.7031;0.4533;1753.8019;34.9047
6;0.3562;335.0448;28.1657;0.3610;379.8546;24.0958;0.3350;416.1574;21.5536;0.3458;460.2647;24.2277;0.2764;498.1312;15.2053;0.2173;526.7078;20.0827;0.2658;562.3911;23.3112;1.0356;607.0018;17.1799;0.3322;645.5559;22.1053;0.4133;678.6196;19.8464;1.0227;716.4436;26.1943;0.3115;750.3803;26.1979;0.3480;791.2039;26.9532;0.5397;832.0113;28.7369;0.0938;872.1529;20.3407;0.1402;909.7616;24.1592;0.7161;953.2925;28.7971;0.1715;978.8498;28.1961;1.0412;1011.9427;25.5527;0.9051;1069.1753;12.7379;1.0542;1086.1633;23.6232;-0.2007;1143.1130;17.8670;1.0397;1154.7980;21.1799;1.6455;1214.8312;24.0969;0.2165;1251.4159;22.6582;0.2031;1283.1767;19.2848;0.2726;1324.1369;19.7724;0.2538;1363.9204;24.9981;0.4049;1396.3206;20.7651;0.1378;1433.8078;22.1584;0.3471;1475.4265;25.2206;1.0065;1526.2307;24.0197;0.9774;1540.0879;22.5351;1.0709;1576.6652;22.4701;1.2784;1634.6321;14.9698;1.2606;1659.4662;12.5021;0.6022;1683.3580;21.7136;0.3060;1746.6847;44.4687
6;0.3508;326.8665;31.3250;0.2709;379.6090;23.0633;0.3534;409.4961;20.3513;0.2209;442.6005;10.5047;0.3471;478.4369;40.5966;0.1440;529.2971;22.8910;0.1907;559.9314;17.4492;0.9648;607.3181;21.5649;0.3776;650.6546;14.5362;0.5549;683.5422;16.8480;1.0246;719.1603;25.6218;0.2806;753.2345;10.5873;0.4204;798.5194;37.0444;0.2719;833.4273;35.1439;0.3387;866.1804;7.7818;0.2878;906.5973;27.5212;1.0366;952.1721;29.6559;1.1334;995.3886;21.0823;1.0839;1023.8621;19.0227;0.7845;1066.1128;11.4622;1.3229;1083.9467;27.1034;0.2716;1134.8778;30.7919;0.8246;1155.5435;18.0916;1.6368;1217.3022;31.2876;0.0819;1267.3018;0.0311;0.2956;1280.4157;7.1658;0.3021;1320.9553;44.7251;0.3045;1381.7452;20.5052;0.2602;1398.7398;2.9888;0.2780;1427.0515;24.1559;0.2962;1471.2932;25.6910;0.9468;1525.7598;24.5404;0.9505;1546.7212;19.4867;0.8850;1579.0819;17.5559;0.7540;1630.0893;12.4892;0.5667;1655.7137;14.5954;0.7089;1675.0019;42.3264;0.2915;1744.2977;31.5862
6;0.1223;331.4686;38.0275;0.2065;386.6366;23.2464;0.1543;420.2661;12.8128;0.1245;447.4476;16.4522;0.1900;487.2433;26.3579;0.1878;531.3490;14.9032;0.1824;560.7552;15.0513;0.8962;606.2602;19.5893;0.1499;650.2645;22.6427;0.5660;698.4496;33.2578;0.5436;719.4440;12.2939;0.4411;742.8951;22.2360;0.2367;787.3404;17.6829;0.4749;821.5117;27.6119;0.1977;864.2023;14.2076;0.2313;915.9004;31.0693;0.8560;959.7600;30.2504;0.6220;995.7355;15.2443;1.0315;1016.4822;21.6725;0.8773;1066.5952;10.3609;1.4725;1082.7141;25.6469;0.5228;1154.6757;29.5437;0.4222;1156.4095;8.3768;1.5331;1215.7071;27.0648;0.2050;1262.2496;19.0381;0.0529;1288.5888;20.2881;0.1200;1308.3244;23.4249;0.3023;1370.2103;35.1372;0.3136;1396.7866;8.0569;0.2197;1431.9811;22.9953;0.2751;1481.9848;24.1023;0.1946;1522.9382;31.6071;1.2754;1536.9335;24.0387;0.8536;1578.5836;19.1907;0.9455;1639.2651;19.9614;0.6307;1663.7442;8.6164;0.6128;1681.6205;36.1514;0.1751;1749.4993;41.2114
6;0.1883;324.6864;26.1034;0.2461;381.8370;25.7979;0.2465;415.6354;15.4466;0.2560;452.8472;27.3153;0.2196;487.1635;27.0270;0.1663;528.2921;15.4608;0.2493;559.7128;23.7633;0.9832;608.2844;17.7701;0.2076;647.0244;17.3643;0.5190;685.5098;24.1565;1.0710;719.6109;17.2680;0.4914;748.1949;10.8197;0.2484;786.7890;26.5415;0.4598;822.3988;28.8149;0.2951;870.6961;20.4686;0.3529;908.8275;23.2503;0.9794;957.4229;26.1953;-0.0700;981.5959;28.8525;1.1789;1009.2422;25.4399;1.6647;1068.7024;15.0766;0.9287;1093.2388;16.7150;0.3134;1145.8603;19.1735;0.7152;1158.5703;13.8482;1.5302;1215.3813;26.3687;0.2129;1256.0396;17.7267;0.2926;1279.8100;21.8534;0.3500;1327.5338;30.6296;0.1534;1361.4022;23.0270;0.5560;1393.4176;16.2568;0.1994;1428.5109;17.4449;0.2557;1482.7751;30.3211;0.8961;1524.3178;13.7143;1.1772;1550.1959;21.0508;0.8212;1583.4280;15.7301;0.7567;1633.5530;15.3294;0.9962;1659.1142;18.1490;0.4639;1702.0706;26.1259;0.3617;1757.7814;20.1947
6;0.1162;322.4962;31.3565;0.1389;380.3090;26.2010;0.1579;408.5301;15.5715;0.1644;443.8060;25.6920;0.2774;490.3983;28.4273;0.1294;534.1391;11.7297;0.1415;557.0898;21.9234;0.9544;607.3667;17.5328;0.1376;654.7119;16.5329;0.4530;692.0545;23.0700;1.0019;718.7591;14.5975;0.4204;743.3299;14.7552;0.2040;790.5422;26.6153;0.4041;817.7619;22.7902;0.2284;860.3356;25.7274;0.2769;912.5784;26.3283;0.8584;955.6294;24.3195;0.2051;983.4590;27.5827;1.1736;1011.1205;26.1573;1.6577;1068.0736;13.6650;1.0786;1090.2053;18.1663;0.2223;1141.4994;22.3213;0.7970;1159.4413;10.3470;1.5775;1217.2800;25.4289;0.1127;1257.1833;10.4089;0.2065;1278.6938;14.5078;0.1569;1323.5992;31.4114;0.1714;1367.2600;26.0103;0.3806;1395.8402;15.2616;0.1133;1423.5620;11.1734;0.2209;1478.0593;29.0415;0.5949;1523.6651;17.2371;1.1201;1545.4628;23.7408;0.7903;1582.1770;16.8558;0.8445;1638.8282;19.3354;0.7230;1662.3333;14.7014;0.2548;1691.2951;35.8090;0.3212;1754.4358;38.5139
6;0.3534;324.7044;23.1282;0.3589;387.3077;44.4889;0.1592;411.7237;-2.4041;0.0806;441.4596;34.5651;0.2739;477.2349;34.8210;0.2460;534.6221;8.6299;0.2632;564.6143;19.9148;1.0350;607.5427;19.4720;0.2415;654.2469;15.1623;0.4042;685.1324;20.3128;0.8855;716.1734;15.5215;0.4533;738.6809;19.1466;0.0019;786.7250;20.8595;0.5244;817.2249;34.4817;0.1877;865.9122;11.2473;0.2978;901.1870;31.7500;1.0276;960.0239;31.1183;-0.3545;987.7516;33.4283;1.3827;1008.0378;26.3202;1.3633;1068.6938;13.0052;0.9939;1086.4045;23.8227;-1.0453;1139.7321;19.4384;1.6417;1146.3343;22.0858;1.5646;1215.8281;25.1386;0.3605;1260.3892;19.9751;0.2037;1289.1254;11.5142;0.3179;1330.6272;18.2613;0.3206;1374.8398;20.1210;0.4252;1398.6605;8.5604;0.1985;1422.3766;19.9349;0.2856;1478.9337;31.5700;0.7733;1523.8195;16.4579;1.1628;1549.5621;24.0879;0.9286;1581.3946;12.8582;0.8884;1635.7419;17.6819;0.7250;1659.9615;15.0351;0.5947;1695.9943;37.0683;0.3418;1754.5157;37.0161
6;0.1700;327.9309;32.2441;0.2788;383.5565;26.9679;0.1354;416.1914;21.4508;0.2459;444.6174;27.6422;0.4600;486.4082;25.1551;0.2425;529.4775;18.0622;0.2680;566.1922;29.9176;0.9617;609.2638;17.1873;0.1927;639.0965;19.2719;0.4218;673.2401;19.3405;1.0353;718.1344;20.6158;0.2038;753.2941;18.0995;0.2346;797.0512;25.7817;0.4989;827.8798;29.3855;0.2288;868.3842;18.4782;0.2967;907.0692;25.8167;0.7769;952.4243;27.1467;0.3743;989.6283;26.5908;0.9565;1012.8939;28.7848;0.9890;1069.8300;14.0879;1.1082;1083.7949;26.4928;-0.1278;1139.4856;18.8608;0.8110;1157.0910;26.8524;1.3214;1216.7445;22.2612;0.3007;1250.5005;15.7254;0.4458;1279.1003;11.5402;0.3782;1323.8418;30.3018;0.3405;1370.7511;19.7741;0.5001;1397.5065;10.4643;0.2518;1427.7696;20.2234;0.2982;1469.2875;22.4034;0.7296;1521.3600;21.8178;0.9432;1545.3184;17.8973;0.8516;1578.3167;18.8278;0.8705;1635.9784;19.4302;0.7966;1661.9713;16.2115;0.8321;1698.1596;33.7210;0.3111;1739.8021;35.6943
6;0.1585;317.3207;35.9463;0.2181;387.1720;22.2115;0.1579;414.8254;20.8516;0.1957;454.5858;28.1949;0.2144;489.2249;24.8454;0.2349;532.3849;9.1472;0.2111;562.9287;19.6396;0.9091;606.9033;19.0152;0.0640;646.6923;15.7132;0.3783;686.3012;26.0831;0.8997;718.4052;14.0846;0.3174;740.8993;15.0100;0.0362;783.3573;21.0837;0.3910;822.1663;35.9954;0.2634;867.7116;3.0441;0.1622;901.8316;27.5443;0.7060;955.5612;29.2496;0.2832;988.6586;30.4525;0.9733;1013.2844;24.3440;1.4863;1068.4851;14.5128;0.9358;1089.3312;21.5785;0.3752;1143.5349;23.5864;0.6095;1159.2516;12.6977;1.3842;1215.7337;26.5033;0.2008;1258.8638;5.0302;0.1928;1276.9998;5.2944;0.1956;1322.4927;33.7850;0.1612;1369.4268;15.6093;0.3747;1394.5019;14.2730;0.1182;1424.6920;19.6879;0.1229;1478.0154;27.6978;0.3022;1525.9469;20.7464;0.9044;1542.3082;26.5819;0.5768;1580.6278;17.4425;0.5800;1632.3953;11.6814;0.9655;1658.3037;18.5205;0.2701;1690.3351;16.8722;0.2609;1738.4964;38.0058
6;0.1339;328.5361;25.6254;0.1454;378.5905;21.7961;0.2081;408.5439;20.6292;0.1687;451.6499;25.6324;0.1574;488.8520;24.2294;0.1323;530.9233;15.4065;0.0767;563.6798;18.9472;0.9680;606.4425;17.1714;0.0790;642.3208;19.0654;0.3938;688.1459;23.0674;0.9640;718.8321;14.6180;0.3709;743.1987;12.7972;0.2100;788.9841;21.0611;0.4137;820.8346;21.3859;0.1749;862.4716;17.2835;0.2041;907.5231;23.5715;0.7770;955.1870;25.2843;0.1455;988.9673;27.8528;1.0221;1009.9169;24.0881;1.3486;1067.4829;12.2661;1.0961;1084.1837;20.7377;0.1520;1147.0974;18.3295;0.6293;1156.7493;15.9997;1.4367;1215.5938;23.0361;0.2058;1254.5220;16.5911;0.1771;1286.0627;13.9685;0.1993;1325.3562;24.6072;0.1598;1362.7377;15.1268;0.4615;1393.3355;14.9648;0.1399;1427.4187;21.3057;0.2163;1473.4144;23.8720;0.4142;1524.1800;23.0930;1.0077;1544.2004;26.7804;0.6914;1582.4140;17.5155;0.5674;1631.8656;12.8754;0.9592;1657.3246;17.8566;0.2891;1701.6044;25.7030;0.2261;1757.7717;24.9977
6;0.3202;326.8038;32.1231;0.4259;384.4377;30.7922;0.2869;416.5249;6.4676;0.3147;447.4425;36.0366;0.4986;486.8977;31.4779;0.4013;529.5554;20.5630;0.4099;559.2780;16.6694;1.1030;603.4310;31.4643;0.3059;654.7776;19.1030;0.5361;674.4853;13.6616;1.1391;710.8259;20.8264;0.6098;743.1680;24.5974;0.4772;781.7543;16.4893;0.7834;817.1233;20.2338;0.6400;855.6565;22.2952;0.6388;899.3798;18.0579;0.8291;950.1611;23.2828;0.6801;994.9049;27.5292;0.5536;1018.6340;9.6350;0.9172;1075.9847;16.1353;0.5333;1082.0855;40.3179;-1.0254;1139.7103;16.3527;1.5396;1148.1981;23.4401;1.2241;1210.8124;30.7272;0.3250;1248.1872;22.7381;0.3738;1275.7603;19.4155;0.4803;1330.1946;25.5330;0.3611;1375.6997;14.7012;0.7357;1398.2514;9.5982;0.3818;1421.1305;14.2519;0.5386;1473.2439;28.3945;0.6277;1521.6359;14.4559;0.9306;1544.6442;25.0234;0.6709;1579.1069;25.2884;0.6514;1638.7808;21.3521;0.5423;1659.1342;25.4967;0.7644;1701.8079;25.7792;0.4685;1753.8936;28.8282
6;0.1878;331.1774;29.9042;0.3096;380.6359;27.7117;0.3833;413.4335;27.9559;0.4037;449.5590;29.3908;0.4641;487.2350;26.9690;0.2583;527.1720;12.7854;0.2650;559.7754;24.7462;0.9405;607.5937;16.9609;0.0388;640.5428;17.5536;0.2672;683.3240;26.5099;0.8751;719.6618;17.5482;0.1902;750.9170;16.7296;0.2476;793.3670;22.1524;0.4652;826.0070;26.1302;0.2899;867.7388;24.0278;0.4915;914.8659;25.6122;1.0666;953.3910;25.4259;0.3329;988.6601;30.5798;1.2676;1011.7791;32.7013;1.3830;1067.5324;13.9412;1.0926;1087.8379;21.0227;0.1700;1144.3923;21.2298;0.5551;1157.2359;14.4819;1.2238;1215.2179;24.0558;0.2055;1253.4224;8.8788;0.1744;1281.3944;14.8623;0.2187;1328.6909;21.3277;0.4301;1366.7182;20.7445;0.6006;1394.9309;13.3945;0.4952;1424.5207;26.3536;0.6345;1477.0119;28.9624;0.7418;1521.4777;23.8545;1.1316;1544.8588;23.7053;0.8280;1581.2837;19.1464;0.8463;1637.4969;16.5637;0.7603;1662.7757;12.7016;0.3061;1691.7916;23.3391;0.1813;1743.6178;30.2784
6;0.1933;325.3156;37.8193;0.2979;385.4185;25.7632;0.1440;416.7618;11.0612;0.2904;437.7821;31.7742;0.2501;483.5600;25.7399;0.1133;527.0236;15.2893;0.1659;560.9889;36.3546;0.9182;607.8248;17.0730;0.0919;637.7472;12.3718;0.4231;692.7144;36.4358;0.7944;719.5178;14.8558;0.3332;744.6884;15.4483;0.3001;789.0741;23.8902;0.4956;821.1409;21.5009;0.2904;858.4693;19.8719;0.3804;913.1533;31.0343;0.9912;954.5088;24.8966;0.3482;995.1234;25.4572;1.0804;1013.0127;31.4547;1.1851;1067.9453;13.5769;1.1314;1085.6588;23.6262;0.0398;1149.5854;30.1155;0.7890;1155.5678;15.0234;1.4100;1215.8257;24.2602;0.0329;1259.4114;1.9086;0.1501;1274.5911;37.7980;0.1333;1337.1225;27.5753;0.2073;1367.2981;10.7452;0.4574;1395.5729;16.3641;0.1318;1426.4001;21.2292;0.3312;1480.9567;28.2418;0.8864;1524.7747;15.9375;0.9948;1544.8729;15.1328;0.8841;1577.0039;19.1431;0.8523;1638.1547;17.6795;0.6804;1662.0142;11.7005;0.3466;1684.7943;28.7372;0.1749;1736.4117;42.0769
6;0.2616;327.4679;31.5899;0.2654;380.8221;20.9794;0.2102;413.8863;15.6586;0.1927;447.5372;26.9639;0.3416;489.3251;26.1492;0.2004;530.0956;15.4267;0.2633;559.4475;18.6567;0.9998;605.3602;21.5203;0.1485;648.5300;22.3951;0.4274;683.1369;15.8767;1.2147;718.2390;17.2023;0.3409;746.7586;15.5343;0.2948;783.3744;20.9431;0.5997;821.6868;24.4731;0.2971;863.4944;23.8009;0.3359;908.2339;27.0967;0.9351;952.6237;29.4177;0.1924;991.7900;27.1648;1.0582;1009.5991;25.8703;1.0635;1065.7775;11.3152;1.4478;1084.5823;21.7491;-0.7523;1141.8776;13.8440;1.3715;1148.8750;23.3170;1.6870;1215.9336;24.9174;0.3925;1252.4428;13.2927;0.5143;1278.2731;13.5319;0.4641;1329.0218;32.6454;0.3442;1373.6528;15.5989;0.7363;1399.4429;12.6897;0.4982;1428.5680;9.0771;0.3991;1471.5535;29.7523;0.9761;1523.9911;19.0382;1.0946;1548.9169;15.2375;1.0129;1578.1386;17.0717;0.3509;1633.0234;22.3776;0.9218;1658.0388;27.1213;0.3769;1708.2282;29.6944;0.3699;1743.8395;44.5346
6;0.1513;321.2407;28.8800;0.1974;380.6961;24.5939;0.0966;409.0692;19.9274;0.1881;448.4134;27.7361;0.1497;497.1515;30.6881;0.1695;533.4090;11.6863;0.1567;559.3040;17.0641;1.0084;607.0255;19.0561;0.1889;646.8495;23.0185;0.5251;694.9958;30.5699;0.7542;718.6239;13.0641;0.4143;741.4326;19.8150;0.2042;795.9270;20.0442;0.3852;828.2784;28.2603;0.1337;864.0612;11.0424;0.1749;899.0259;23.9704;0.8487;951.4099;27.0513;0.3507;990.8510;27.3131;1.0199;1013.4166;27.4921;0.9563;1066.7749;11.4526;1.4344;1083.1613;22.8703;0.2187;1134.8978;30.8999;0.7929;1158.3533;15.5705;1.4435;1215.6767;28.1950;0.0114;1251.3117;20.9901;0.1666;1278.9665;16.3794;0.2028;1319.9330;24.4908;0.1934;1357.4683;26.1943;0.3708;1395.6966;20.3683;0.2126;1431.8113;16.4142;0.2129;1468.2808;19.0515;0.4171;1522.4804;31.0635;1.0526;1540.8472;27.3758;0.7711;1580.8697;17.3956;0.5084;1628.7730;18.0392;1.0171;1654.7253;23.5278;0.4179;1695.6043;32.4181;0.2625;1753.6647;32.2580
6;0.1312;327.3185;43.7765;0.1658;389.9649;18.7540;0.1162;411.3129;27.6979;0.1606;446.7415;28.9317;0.2696;485.7618;23.9491;0.2408;533.0160;11.3536;0.2269;558.6245;11.0156;0.9824;606.3069;19.9509;0.1712;650.6596;22.4701;0.5726;696.5810;31.5535;0.5496;717.0486;10.2184;0.5232;739.8078;23.5351;0.1933;788.0381;9.4700;0.5291;818.9491;30.8625;0.2150;864.2599;11.2330;0.2727;919.8755;30.1262;0.7932;955.4170;22.1085;0.4885;990.0168;26.8228;0.9667;1015.2874;27.2615;1.0879;1067.8037;11.4100;1.2540;1085.3376;25.4706;0.7270;1152.8226;25.6115;0.1984;1158.3712;16.5835;1.5309;1214.4144;23.9480;0.2350;1253.2615;24.4968;0.0313;1289.4221;17.5455;0.1200;1329.4851;28.9449;0.1645;1365.0432;10.9133;0.4240;1396.9031;17.7001;0.1915;1431.5785;7.5846;0.2558;1476.4822;33.9621;0.1022;1524.0550;11.3473;1.3167;1537.4914;28.9698;0.6702;1582.6208;17.1258;0.8473;1638.2510;17.6356;0.9337;1665.0301;15.9687;0.3272;1691.1396;9.3588;0.2673;1734.6805;40.1074
6;0.0741;324.6381;25.2610;0.0442;380.0192;20.9572;0.1022;404.2705;20.8027;0.0687;450.7093;26.1970;0.0905;480.7812;23.5465;0.0410;529.8106;16.3389;0.0530;559.2815;17.4402;0.9638;606.7893;17.2202;0.0769;645.2786;20.4031;0.4759;690.1396;21.8404;0.8632;718.7653;14.1456;0.3651;740.9995;18.4033;0.2448;796.7245;21.8992;0.3280;823.8842;24.3491;0.1358;861.9472;15.8455;0.2088;920.7282;21.5402;0.9327;956.8270;22.9706;0.9127;996.3982;20.1494;0.8948;1020.2628;19.3758;1.1002;1066.5590;12.3877;1.3747;1084.7699;24.4766;-0.1640;1153.2781;24.3004;1.0786;1154.3200;19.4882;1.5969;1215.3523;23.8127;0.1460;1254.1474;9.8517;0.0839;1282.6444;12.1211;0.0724;1326.8523;25.4385;0.1385;1366.7402;12.4827;0.3429;1394.2941;12.6953;0.0657;1424.8524;17.8192;0.1631;1479.1558;23.4935;0.4749;1527.4795;22.3482;0.9792;1544.4082;29.5066;0.6505;1582.5815;15.9709;0.9542;1637.5708;17.0923;0.8880;1661.1091;11.8538;0.3888;1683.9241;21.7198;0.1271;1740.4509;38.6167
6;0.0472;331.3091;22.5465;0.0362;379.6613;18.8529;0.1028;405.0451;18.9421;0.0682;450.9430;23.4849;0.0744;482.3973;22.2171;0.0538;531.3273;17.9548;0.0343;564.5855;17.4794;0.9396;606.9376;16.9252;0.1005;644.7418;20.1647;0.4446;689.7263;22.4975;0.7935;718.7689;14.7679;0.3324;742.5033;20.7160;0.2732;791.4929;19.4649;0.3712;821.3542;22.5632;0.1148;859.2203;16.3742;0.2099;916.2900;18.6402;0.9509;954.8127;24.6079;0.8115;994.5275;19.9589;0.9696;1019.0567;21.5362;1.1143;1067.2190;12.8678;1.3470;1085.8724;25.9439;0.3175;1150.2770;27.1567;0.6825;1156.0410;20.9883;1.6280;1215.3842;24.3601;0.1943;1254.5828;10.4829;0.1069;1283.8493;12.2816;0.0623;1326.3445;22.0181;0.1495;1364.3364;11.8777;0.3287;1394.5882;13.8298;0.0601;1428.3593;16.1420;0.1679;1481.1374;20.6565;0.4921;1526.4319;20.8581;0.8958;1544.5813;28.1711;0.5892;1581.5111;16.0849;0.9056;1635.3102;14.6276;1.0185;1659.7707;14.2463;0.3821;1687.6495;21.0949;0.0951;1734.1752;28.9558
6;0.0973;327.6630;26.0209;0.0927;380.7885;27.0915;0.1178;402.4713;22.7031;0.1553;439.7317;27.9719;0.2148;482.5090;27.2492;0.1532;536.3578;18.3220;0.1680;567.3813;18.8344;0.7928;605.3490;17.0605;0.1771;633.2013;30.5601;0.3807;688.0813;21.5820;0.7394;717.4399;14.2780;0.3669;742.6443;17.6638;0.2471;793.2979;17.7176;0.3771;821.4361;20.8352;0.1666;861.9887;18.5794;0.1871;904.4569;10.4605;0.8669;956.0392;27.0221;0.4566;1000.4948;17.6474;0.8422;1017.6165;31.7145;1.1819;1066.8482;12.7120;1.2068;1087.8994;22.5600;0.4372;1147.4176;30.2705;0.5592;1156.5565;16.1838;1.4078;1214.7953;26.3247;0.2131;1253.1151;10.1003;0.2055;1273.6664;32.2843;0.2398;1334.7474;31.5775;0.2449;1364.6200;8.2401;0.4143;1395.9930;17.9654;0.1207;1430.7721;15.7760;0.2599;1477.3012;37.9790;0.1055;1523.6821;9.2617;1.1123;1537.8661;27.6908;0.6823;1581.6328;18.1370;0.6883;1634.6687;14.9383;0.7455;1658.9892;13.3834;0.3801;1685.3018;35.9239;0.2122;1739.5752;35.5295
6;0.0893;324.3740;27.6501;0.1000;382.5693;23.5399;0.1114;409.5358;23.2259;0.1075;455.2870;28.3442;0.1111;490.1080;29.3085;0.0930;529.9859;14.4539;0.1067;569.4035;25.2500;1.0095;607.0227;16.8545;0.0926;641.9109;16.4855;0.5146;689.5739;21.8810;0.8303;717.3597;12.8333;0.4521;736.7588;17.8943;0.1452;792.0237;28.7675;0.3664;818.2396;25.5179;0.1482;859.0119;21.6622;0.2317;917.3936;24.6324;0.9231;956.8562;25.0896;0.7919;995.1323;19.2467;0.9713;1018.5822;20.6212;1.0222;1066.6778;12.2029;1.4043;1084.5134;24.2222;0.1904;1153.3278;25.9003;0.7959;1156.5456;20.5318;1.6734;1215.4055;23.6291;0.2015;1259.4726;12.7203;0.1318;1283.2457;5.0148;0.1494;1329.7979;33.5887;0.1507;1367.9701;9.8709;0.4191;1396.4275;15.7989;0.1101;1433.3518;6.8585;0.1971;1474.2004;24.7542;0.5432;1527.1826;22.6722;0.8896;1544.5048;29.3440;0.6258;1581.1238;15.6773;0.7826;1635.2252;14.1257;0.8913;1658.7367;13.1195;0.3439;1681.8275;27.0954;0.1780;1740.7618;35.9217
